id,first_name,last_name,email,active
cus_ppabftlklzqinuvhpgqnpa,Kayla,Thomas,hmoore@example.com,True
cus_vzxjupqfqfawcaugpgdkzb,Dawn,Massey,garciaadam@example.org,True
cus_mgqsxbymuanpndketkvzrr,Anita,Adams,pbennett@example.net,True
cus_qtrkruscyheblnpdplktno,Andrew,Hill,xrobinson@example.net,True
cus_bcjrzihbxjvofwlccilkiu,Sarah,Yates,phernandez@example.net,True
cus_omfnjujxixvotlpijmjeol,Ethan,Reyes,iwells@example.org,True
cus_lcolszlyjwvbbpwfcwbhfx,Kevin,Francis,stevensmith@example.org,False
cus_oofrdjdrcjdwmwinyyhgkg,Cynthia,Garcia,qfreeman@example.net,True
cus_pofbpdinisrqqgefncbxfo,Jennifer,Stevens,elizabeth63@example.net,True
cus_oyoppcfqvxurcilqjekcrz,Cynthia,Davis,qyoung@example.net,True
cus_zhhcstdotdpprchpvbvrlr,Tracy,Jones,johnmurphy@example.net,True
cus_fpyelkkrqearksehsqamzb,Matthew,Torres,baileynicholas@example.net,False
cus_zanmaelddkaodorihtsitb,Pamela,Lamb,wbrown@example.net,True
cus_jehkuduyzgpgqxekzvtowt,Jennifer,Sheppard,pettyearl@example.org,True
cus_spzthxjhurcklwjhsuhatq,Seth,Barnes,jessica08@example.net,True
cus_pgbkixefkvjvcgstpmvjiq,Andrew,White,fgarrett@example.org,True
cus_tiikcoluwackdmrrwmzhua,Mark,Malone,kellyandrew@example.net,True
cus_vkfqrxjduydvgqhfzzewxb,Andrew,Davis,kevin39@example.net,True
cus_xeowrhnyppghoorkwuhsqn,Diane,Erickson,vflores@example.com,True
cus_btpgnspiieputnfqpqjzqr,Patrick,Wong,martinheather@example.net,True
cus_kwmvuomerkmevtoipjrrtc,Jared,Wiley,davidsonbrandon@example.org,True
cus_jvlbzarfgfmohlatfbliar,Robert,Davis,amyklein@example.net,True
cus_tousvwpbdmlrmjowetsbaf,William,Collins,athornton@example.com,True
cus_fgmkcxheeoswuzzwkszwis,Susan,Kelly,andersonrodney@example.org,True
cus_ynnnpjquzqbkurpbqpcupw,Ashley,Clark,lewisrobert@example.com,True
cus_yyfckvzrvumtnoiztdxckf,Samuel,Dominguez,montoyaelizabeth@example.net,True
cus_lsxvaytqlfvnkfozpwbevc,Jeremy,Ellis,xclayton@example.net,True
cus_ualabbhznwqmsqkksiwjch,Richard,Taylor,michael49@example.org,True
cus_ukhztanznvqkmdyfkgqmpd,Nicole,Osborn,danielle95@example.com,False
cus_rhlxqktwrjlavtchgkfzml,Ashley,Anderson,vthomas@example.net,True
cus_vavzacjdjspgrrqsloxevr,Matthew,Edwards,cadkins@example.net,True
cus_pkytnrtourgdkkxdhsxlul,Laura,Hall,uflores@example.org,True
cus_tjqyfbytpxwdswzooonnku,Craig,Lloyd,stephen26@example.org,True
cus_vgrgkcmevozyjekjwdvrjq,Margaret,Jones,portiz@example.net,True
cus_loisyjuqyyjxmxmccjosrj,Mark,Edwards,victoria67@example.org,True
cus_ommvawboxkvqrpkpzzqgtx,Jeffery,Hall,jeanette51@example.org,True
cus_wyqamnemizlycjzltdnsim,Jill,Mcmahon,robert97@example.org,True
cus_cceitczwuoyloushpqmwcn,Austin,Yu,elliottmaria@example.com,True
cus_crjkwdelqsxblolvlwgvlh,Kaylee,Olson,lmills@example.org,False
cus_glbqtqwcxujpgepjowmcto,Erica,Bowers,sabrinabarron@example.org,True
cus_apoiayljccpavzexpfgrca,Robert,Ponce,zachary34@example.org,True
cus_eluvsrmjzddjslgurzreus,Eric,Gross,theresa08@example.net,True
cus_rxzreggntvhcjostoomkmx,Michael,Brooks,wstevens@example.net,True
cus_dyxpkjtetdxnqywaupvrls,Larry,Pacheco,vaughnalan@example.net,False
cus_dgvxeoezjzwfohwiihnhmk,Margaret,Petty,carriejenkins@example.org,True
cus_tetdsjuwomujrtrdimafln,Travis,Warner,yburgess@example.com,True
cus_cyhktwrwyhwnyitvzyuvgh,William,Branch,markchan@example.net,True
cus_rsiwznalidvtsskvzwvqwt,Kathleen,Gould,zwashington@example.com,True
cus_kxlorxxptsrrjogpdjocta,Bonnie,Santiago,andrewthomas@example.com,True
cus_wceqkunxoprurncxsbcyzm,Keith,Morales,kevinreynolds@example.org,True
cus_ireelumfltltibepmlqpuw,Douglas,Miller,debbie58@example.net,True
cus_gvnkqibubidriqemccgilj,Edwin,Lawrence,johnsonderrick@example.com,True
cus_xfowimkwhdwyjdkqfgepgb,Lee,Green,jessicawhite@example.net,True
cus_sxbnqcljmtqgdkambscskd,David,Chaney,ismith@example.net,True
cus_vejylmnzrxbxpajbcjjglj,Jacob,Morgan,debra04@example.org,True
cus_rxhlblnenztaacxidhizyu,Cody,Bowers,oespinoza@example.com,True
cus_fzstmbwdwkkvvpddsplxdh,Stephen,Huynh,bgeorge@example.com,True
cus_regishirspdpmfbszsqdbi,Nina,Russell,emily86@example.net,True
cus_fihaweoqjopuhvylkskpwd,Michael,Martin,ghaynes@example.org,True
cus_kgyadikyenxxclmebzbxki,Daniel,Little,mendozarichard@example.com,False
cus_tigfjgbdidrypzkvhdpxls,Michelle,Wheeler,kevin59@example.org,True
cus_qzjdebbbnwjabkggdazuyz,Vanessa,Lopez,zvillegas@example.com,True
cus_cwszhpcmingypiudxbpoyj,Scott,Werner,rachelcox@example.com,True
cus_xcmkxudqozsohqngnbpycw,Daniel,Hernandez,micheal94@example.net,True
cus_dugddwmvmmphaaerczrbml,Victoria,Buchanan,sararogers@example.com,True
cus_lwoftotmhhwcnriyartnqn,Jaclyn,Brown,dhoward@example.com,True
cus_tpykemhntrkfqvguqthkev,Regina,Carr,james64@example.net,False
cus_fgfyjeafjphgqlopomxjpu,Angela,Hernandez,ashleyneal@example.org,True
cus_dpucevhzmsvjgsbavldges,Benjamin,Ford,cameronwilcox@example.com,False
cus_yljapmqdttckluzjbvxped,Deanna,Davis,michaelmcintosh@example.com,True
cus_tqcpyrpopbzpsusoeekiri,Tanya,Nelson,brett95@example.org,True
cus_wevrljjxthsowyqoeecahu,Brandon,Jones,kimberly28@example.net,True
cus_yzjeicifxcjfeigcassqwq,Ebony,Miller,andrew45@example.net,True
cus_gklmvxgsshjizwrbhlxaut,Amy,Floyd,hendersongwendolyn@example.org,True
cus_wzvssrzalbkdvsjrotmnnu,Jessica,Walker,zhowell@example.org,True
cus_tywiqgbpciwtewmoworrtz,Pamela,Horn,dsanders@example.com,True
cus_gusyriecqwbzfyudabxvlz,Barry,Rogers,plee@example.com,True
cus_wgdbsubfcaitqnklappqbn,Brian,Duran,phillipnavarro@example.com,True
cus_jzuteravokucmhmebzygjz,William,Manning,jovance@example.org,True
cus_auwguezoyxbcpvqbviwzye,Daniel,Bradshaw,jeanne62@example.org,True
cus_onskyyiqvqvudsnpwsulyz,James,Silva,stevenscharles@example.com,True
cus_sapgacuazmxbduxoiyhwkk,Wendy,Powell,torresmegan@example.org,True
cus_wedzweydvqrqpbewqpsmlk,Bryce,Weaver,amytaylor@example.net,True
cus_clfmakmesloshafpmiuman,Michael,Williamson,ljenkins@example.org,True
cus_tlencytgzknpihgbwsaefa,David,Flores,melanie09@example.net,True
cus_ghlrhdhxensjbtonerfmjj,Megan,English,debrabartlett@example.net,True
cus_pqhnqdfgcpadruiqquyftn,Matthew,Gonzalez,kellyjohnson@example.net,True
cus_lrpxahkxgczpadniucsxpw,James,Patel,theresacampbell@example.org,True
cus_ebqcelapdszgoqusxbtieh,Melissa,Davis,sethrasmussen@example.com,True
cus_jwarcwtvrdiwyvnqtcdncj,Marcus,Wiggins,vicki70@example.com,True
cus_kgekgswxtouahinfouxdgw,Steven,Woods,katrina95@example.com,True
cus_vykjvhgwzbfllflyokrdug,Scott,Washington,brittany46@example.net,True
cus_ffbteupepqmolsfmysqsis,Ryan,Sweeney,joshuasmith@example.com,True
cus_ahqvddvxdoqthprevhyaoc,David,Nguyen,laurietorres@example.com,True
cus_jtvycskpftigvezopswvzn,Brittany,Murphy,jeffery11@example.net,True
cus_uwxkxmxcuwhakczjqauqqd,John,Fisher,ericahubbard@example.com,True
cus_vqkntqpyvbfqwpjllvypnj,Adam,Nichols,thomasdrake@example.net,True
cus_ujwrxiflkchhrvjvayrwjl,Stephanie,Yu,jacobkelley@example.net,True
cus_pnlmfuixrlzssnmtbmjegz,Meagan,Woods,dustin91@example.org,True
cus_zumwbckgbmgaajzoahlajn,Cindy,Edwards,lopezthomas@example.net,True
cus_hzpbvotoaqgrstqxgdphnk,Monica,Gibson,nathanwilliams@example.net,True
cus_fgvkevxhtzfdoghhltnyue,Jacqueline,Reynolds,usolomon@example.net,True
cus_mfmvybmabddvraorenobwu,Henry,Hines,sboyd@example.net,True
cus_mkckkooesygcmphakmopuq,Emily,Johnson,burkeandrew@example.net,True
cus_kohhknaopzzabazryhhbvh,Edward,Wiley,tmorgan@example.net,True
cus_qsqkqdugbhpbkjuppkyexi,Jennifer,Orozco,jaredmedina@example.net,True
cus_mwytnebohdgaacpegiculo,Beth,Peters,lisa29@example.org,True
cus_tyjidoghodbkujxaeerlyv,Shannon,Soto,martin43@example.org,True
cus_kjubhllhchcskjnkmwsorm,Connie,Crosby,stevemason@example.net,True
cus_enkyqbwzxqvpoiizvtmrrm,Aaron,Taylor,khamilton@example.org,True
cus_qqjautdlubavjgpvqcvagx,Ray,Myers,jmayo@example.com,True
cus_bynbtgktsaapcpjsdgnvoc,Billy,Woods,msutton@example.com,True
cus_teiyrrlbwbvmlqaowzblnn,Jennifer,Chavez,kevinflores@example.org,True
cus_urskeoeycfyovqjckrijun,Andrew,Hernandez,zcastro@example.com,True
cus_eepbyaxhnhjrjinratjauw,Chelsea,Ayala,susanyoung@example.org,True
cus_onlkjuwkgqdnqstdmeiljt,Lee,Beck,amanda82@example.com,True
cus_gdwpjyvbheagcxrllyfwlg,Benjamin,Martin,kelly77@example.com,True
cus_qopzxthvteyflvkcwpmqtm,Michael,Harrison,kelly30@example.com,False
cus_hcjgndkabjfqutbljwvcbn,Steven,Tran,gibsonrodney@example.com,True
cus_tksvzuuheeyljhwkbwfxki,Shelly,Williams,josephlamb@example.net,True
cus_tfckyuszjimvhxzatqqndz,Christopher,Gonzalez,andrewibarra@example.org,True
cus_dlzyatjbtbhpfygwidvklq,Andrew,Suarez,halljennifer@example.org,True
cus_ktilvsxmeebhdsddjrgiar,Amanda,Lee,heather12@example.org,True
cus_wlzkosjfdxqorbmzuikuxh,Emma,Vega,edwardsfrank@example.net,True
cus_bojngqsskhjfitzwenqskj,Hannah,Harrington,heathderrick@example.org,True
cus_eetyagzobptftqtpswtprc,Jennifer,Ferguson,jameswallace@example.net,True
cus_ipaalfhwdsbwjsnlgvecbp,Penny,Terrell,nicholsvictor@example.org,True
cus_mgptoklybovdgrgdssumvk,Alicia,Brown,maryhawkins@example.com,True
cus_bcjrgsislqzuimvuksetbe,Jennifer,Chen,coxeric@example.net,True
cus_ochlopjlrpmeslwarzzatg,Amy,Jones,tapiacynthia@example.org,True
cus_avnbjitfkarmwwnvcecirz,Martha,Smith,shelbydavis@example.com,True
cus_udehuxcbbngrdaganutofl,Ashley,Carrillo,kimberly94@example.net,True
cus_weiiadhaiwcddfaixjsqvl,Alyssa,Taylor,elizabeth89@example.net,True
cus_tfwzivdqqruyzhaaylpson,Gabrielle,Hahn,patellaura@example.net,True
cus_tflborczzytkcxvujvleoj,Carolyn,King,joseph07@example.com,True
cus_zgxolrchcavkdgyrhlddsp,Andrew,Gordon,youngjulia@example.com,True
cus_fkqypyzsmprcdqtazkcrcg,Timothy,Barnett,isaacdavies@example.com,True
cus_fetcefykhsicxbbgxxesch,Raymond,Weaver,ashley61@example.org,True
cus_qhsdugnuocarceqqgxiazh,Alexandra,Scott,sstephens@example.org,True
cus_ozysmwvuqfleadqdoebflb,Jonathan,Jackson,michaellozano@example.com,True
cus_javeishpvwsllewknrviwu,Heidi,Bates,sharongarcia@example.org,True
cus_xggydrepygvaqowjayjlsl,Sierra,Hill,tylerscott@example.net,True
cus_vwojlemhsmzbvigoognbzr,Margaret,Gross,audrey64@example.com,True
cus_gmqbcixgvrukewhlziceil,Nicholas,Rivers,james76@example.org,True
cus_nzesnlmkqinyfylevvautf,Amanda,Norton,kevinbutler@example.com,True
cus_iukduyhwlmdrwscvkbqaxn,Steven,Short,stephaniesnyder@example.org,False
cus_bwpxisgeinfgtmlbawvtco,Michelle,Moore,qsmith@example.org,False
cus_uhmrxetukirwadjtraccfm,John,Gray,melissamadden@example.net,True
cus_dvsmkgduxoyrbgmjoaokik,Jacqueline,Poole,christopherperez@example.net,True
cus_vbqvwucihjtywnsytymxcm,Jamie,Fletcher,hooperjohn@example.com,True
cus_nsabhfjghmpaxiblllozkl,Ruth,Long,ismith@example.net,True
cus_ochsyrddohhnceyhywfvzt,Nicholas,Golden,uyoung@example.com,True
cus_tngjajfvoxzsqgcyxaruqf,Randy,Clayton,michelle47@example.net,True
cus_jdilhltyfzmtomxyzdpjlr,Kelly,Nelson,finleylisa@example.org,True
cus_khhmqnzrbauvpujbvcpzwh,Edward,Walker,qromero@example.org,True
cus_cqjwjhcesxyqwxnuavknam,Justin,Evans,fbrown@example.com,True
cus_zpqpedgrbbgdxdfizarbsl,James,Brown,lukerice@example.com,True
cus_ibikrzklobsanntkaintto,Sarah,Smith,reednathaniel@example.com,True
cus_cfhqzuagoreiepsziqzhea,Michael,Jones,porterseth@example.com,True
cus_bylowvsgzjbotwvvubiyqa,Abigail,Thomas,kellyallen@example.net,True
cus_lozfkwlvklcgovvygvaaql,Lisa,Bridges,lmiller@example.org,True
cus_hhfeauugsdxiqsvohlnsqo,Jose,Wong,regina18@example.org,True
cus_jaloavpqoyglyrxcexzmiz,Timothy,Ryan,huangjeffrey@example.com,True
cus_cqygbwyqomujjopdkrplhe,Elizabeth,Perkins,taylorkevin@example.com,False
cus_vxajvjcuhyntbjmmumbzii,Thomas,Moore,anitashea@example.com,True
cus_gubylcqjakktprlhliwqpq,James,Morris,cassandraclark@example.net,True
cus_mczlfdfmexfxvbbcltibsv,Grace,Blanchard,brandtkevin@example.com,True
cus_qsuhhuedegsgtheeexwpup,Anthony,Kelley,atrujillo@example.net,True
cus_buburffzwmvfghgjtwztru,Amanda,Allen,roymonica@example.org,True
cus_lsmghglotetjosfyxabnrb,Cameron,Crawford,reedandrew@example.net,True
cus_hdirqdpqtuoicbzhanyuij,Eugene,Hess,adrianthomas@example.org,True
cus_swxxzqewzuosvobgteilmr,Meredith,George,garciajesse@example.org,True
cus_gttleqlediiiajgvzjxwuj,Connie,Johnson,sandersamanda@example.org,True
cus_chdywnhqabdqnpkswaxlzo,Morgan,Gilbert,rothkevin@example.net,True
cus_lsbrlsjyechzplhtkfycgc,Michael,Petersen,cnorton@example.org,True
cus_fzynlqcicpvbcqaqgajmhp,Russell,Washington,ashley83@example.org,True
cus_yriyysbadtekofxicqgpiu,Danny,Malone,meganray@example.org,True
cus_xsrfkcnbvyqimctlbyrgeq,Tammy,Lee,ross49@example.net,True
cus_ybtpiygizthbdndtaozifq,Barbara,Peterson,jessicaclark@example.net,True
cus_ehhmpwwukxyxcokefvpmdf,Robin,Roberts,robertmarks@example.com,True
cus_urhfizuvbjaanloenbrphh,Juan,Davis,lrubio@example.org,False
cus_sjmkjuzfnnkbkucmpsspyb,Denise,Brown,vickiwilson@example.net,True
cus_xvliwgmkkyijdadmpbjrys,Samantha,Hill,jramos@example.org,True
cus_tfbyuvqtajslajymlkiakp,Janet,Stone,brittanymartinez@example.org,True
cus_sfptmkhpgawstmruzdingy,Rebecca,Mora,barrettbrenda@example.org,True
cus_axrvuoybypizngvryfjnih,Thomas,Prince,rayclark@example.org,True
cus_czrjxmgzgcurzxvevvvttc,Samantha,Gonzalez,zpatterson@example.net,True
cus_lntftlmcoasirclfrsovbp,Jessica,Salazar,nicole81@example.com,True
cus_ackdfdtkbktaplmpvlpjft,Sheila,Glover,uroberts@example.net,True
cus_bmckwuxzhpancmrppthvmm,Roy,Rivera,sandra56@example.org,True
cus_kzvkpkioezjvzvkfwtzmxy,Ashley,Wagner,christinejones@example.org,False
cus_rkrnakouijpxdhklmheyxk,Julie,Sanchez,obrienkaren@example.org,True
cus_fskhqqtcknkmgelypbezmk,William,Smith,marcus56@example.com,True
cus_vfmdoujvhqlvldvmrelzzv,Anthony,Foster,billy70@example.net,True
cus_lkyjnrrmkvwfxgtfvevjbv,Diana,Perez,valerielong@example.com,True
cus_czmzvikravngxsownkxlol,Michael,Durham,christinemarshall@example.org,True
cus_gmwlponmuwxzeiyiybmfad,Clayton,Hernandez,benjamin48@example.org,True
cus_sfiwnvowtpajaldwsmgwjx,Karen,Torres,margaret91@example.org,True
cus_mskmrwuimuvguahhdsvjjd,Jasmine,Patterson,james21@example.net,True
cus_ldlnowplyxaqammmpmimlk,Tonya,Brown,iramos@example.org,True
cus_nxzdfgyegmubyqivcgxiox,John,Lindsey,waltonjason@example.com,True
cus_ifwjjmegiubyitjkbkxfbg,Yvette,King,travis08@example.com,True
cus_ejjbbplutgnebuxpjdhauv,Nathaniel,Vazquez,darren91@example.com,True
cus_zegmohppsncilgayhwvlos,Elizabeth,Conrad,parkerjessica@example.com,True
cus_uwmvqqdbzczjpdsaxhucnx,Cynthia,Reilly,calhounkristin@example.net,True
cus_zwyvrnuwgqhmghbiaeojzz,Zachary,Ramsey,lauren47@example.org,True
cus_uesqtmuttvckuqflvnnump,Gina,Briggs,rlopez@example.org,True
cus_rxievyzxkhdntrazixiekj,Rachel,Holmes,fmoore@example.org,True
cus_fydyrmystfhxgavjxkgstb,Patricia,Mitchell,meganlopez@example.net,True
cus_lpwpzofgpdttvraythyiwg,Christopher,Johnson,lynn26@example.com,False
cus_hmwzhbzyndjdwsgzkfupuf,Samantha,Gardner,barkerpamela@example.net,True
cus_oqgbjxrubtabfqverdlhyo,Jacqueline,Bryant,wmoore@example.org,True
cus_dqvjppwwnvahojtvethdma,Michael,Martinez,pbrown@example.org,True
cus_enwzqynkhmfaqgzqeqmkrv,Jonathan,Davenport,achambers@example.com,True
cus_uuwhuulujrtfkttazclfcx,Robert,Webb,unewton@example.net,True
cus_sockzwdsgxslpokkjcsbqe,Ann,Martin,abradford@example.org,True
cus_igofjzoelccewdhajlrhqj,Joshua,Baker,tammycampos@example.com,True
cus_yantjredjbgiojidjcuhzy,Audrey,Harvey,smiller@example.com,True
cus_svbhcolrdyjqrhgnvxvlpu,Daniel,Sampson,chad95@example.net,True
cus_sbdrbaosbczzwdwuyonpqi,Ronald,Cross,rsilva@example.net,False
cus_jmwzubeuiugyztinavvkyn,Lori,Martinez,carolynknox@example.com,True
cus_ocyfitwjqkyuozvyrxaeaw,Michael,Henderson,conradandrea@example.org,True
cus_ajagoveosormgkcjexeeok,Lawrence,Holt,sarah47@example.net,True
cus_kfmffytoogkuvsmvahsoed,Amy,Payne,bartlettderek@example.net,True
cus_tgjfmjkjpyqxmbbcfhfsoz,Patricia,Kaiser,changsteve@example.org,True
cus_ycyczzxzimhsxiomlihnxk,Kimberly,Webster,morgantamara@example.net,True
cus_nidjvqdmidqzqcrsceluwq,Ashley,Bennett,abarnett@example.com,True
cus_fbyvgmdahpzuvqitffrqaf,Dawn,Young,debbie03@example.com,True
cus_rukfvjkloxeugfehbbrgkr,Christopher,Walters,natalieboyd@example.org,True
cus_eivmeexbcvfzymcdqlwxai,Kristina,Benson,clementsashley@example.com,True
cus_plxfpbvoyiiffivynsiyra,Michael,Harrington,matthew23@example.net,True
cus_chjizdsbmoqobeeiycsmgi,Daniel,Henry,williammarsh@example.org,True
cus_jgzqwvaueckzfivkjmylet,Matthew,Daniel,sarahhines@example.net,True
cus_slytcojzatjacogjanedeq,Jamie,Hickman,gbarr@example.net,True
cus_noedbuomwrqlckcpvtxcqm,Krista,Joyce,jamesrussell@example.org,True
cus_dnzhpvurwmrjamwhekzbfz,Elizabeth,Anderson,robert01@example.org,True
cus_smtaelwxoctjqsgndiduen,Tammy,Molina,pware@example.com,True
cus_cxohkjnijbgaxlofjhrpix,Brian,Reed,erivera@example.net,False
cus_lqeklxkwjfqyyozdaqdmit,Clifford,Ward,christian59@example.net,True
cus_fydnfrsezqsmrylvahxzve,Robin,Jones,wwalker@example.org,True
cus_ypeoyebraherkkukqguvfr,Dylan,Parrish,lbaker@example.com,True
cus_zwfhjugtnrvrqgmlakxqni,Tonya,Oneal,brian41@example.net,True
cus_wnvwqbpypdkpiwxyswvdcq,Patricia,Herrera,steven77@example.com,False
cus_gwgppircwjlhoqxuawivao,Daniel,Long,isaacmullen@example.com,True
cus_nuksgotempdenlrkpqstfa,Jason,Carter,gordonsteven@example.net,True
cus_yvfaenbaxcporzrgrtqyvd,Aaron,Turner,jesse58@example.org,True
cus_unbwfdaldjlkojdkbxmeqe,Lee,Conway,webblisa@example.com,True
cus_rjejvnwamwgpehltkaywjn,Morgan,Brown,amberwhitaker@example.com,False
cus_szzgldkirqugxahmsxqdxs,Sharon,Wood,michael42@example.com,False
cus_twyvbrwnivzpmmrbeccdrc,Robert,Dean,scott75@example.org,True
cus_tlyooillmjpkkzttokcose,Andrew,Rodriguez,dsnyder@example.org,True
cus_ybsxamenjluriqbmsntett,Jonathan,Blake,christinenichols@example.net,True
cus_pxwmzojtjtafggixzhofqf,Michael,Mills,daniellesanders@example.com,True
cus_dlffurfcifoebymutbgsss,Richard,Johnson,kyliepineda@example.net,False
cus_unmnyvrachjbhivixiwrwo,Adrienne,Vargas,middletoncaleb@example.org,True
cus_nijcnfhugsgbcxtoheeumm,Laura,Wall,zrichardson@example.org,True
cus_pxurllrsvouxcoufdzqmmy,Sharon,Miller,lholland@example.net,True
cus_ofnxqpwiosbdbexaudwctn,James,Romero,meyershane@example.com,True
cus_pkbaifefedrxhzlvxvkhev,Lisa,Wu,qturner@example.org,True
cus_joipfwpxtxsmlofoixvdqj,Morgan,Henderson,phamhenry@example.org,False
cus_ioijejatgwkdeivgiqdwoi,Angela,Henry,davidpalmer@example.org,True
cus_wxdqetyuwaajkulqydxxjc,Charles,Hanson,william45@example.net,True
cus_tayudoiaresrsfkmgynegv,Hannah,Eaton,osmith@example.net,True
cus_lhgwwrgpgvktgbyodgqlnt,Patricia,Cochran,darlenetyler@example.org,True
cus_uqbrnfvsihcpdzotkovozj,Robert,Tucker,alexis68@example.com,True
cus_pamlthgcfhyulvfxqjtqap,Michelle,Owens,pattonjames@example.net,True
cus_vjlufnqhagltsfqgnabjik,Christopher,Pierce,lopezandrew@example.com,True
cus_bmpbkvzllijfrbeidswhuo,Kellie,Anderson,dcook@example.com,True
cus_rdmfabqprkvhtphfxqcuzy,Ana,Price,dawn51@example.org,True
cus_hwevxujiiijdumrwyomrpl,Krystal,Mcdowell,rperez@example.net,True
cus_qddqjcamxdotmzttfkhdqm,Nathan,Perry,genewaller@example.org,True
cus_tacxkmaaslqfxfxzhnpnqv,Christine,Williams,ebradshaw@example.com,True
cus_ijfheycjmfdnynvxrgwekh,Travis,Watson,murphylaura@example.com,True
cus_gbwivcvypeocclfxloeclt,Kathy,White,hollandmary@example.org,True
cus_dtzvxuegvgkhuuyaxevozm,Paul,Petersen,casejennifer@example.org,True
cus_hdiscunzcqmvpoourmnqmv,Laura,Jackson,cherylmoore@example.net,True
cus_poyjohjgmvpocvfxiumqgc,Christopher,Simpson,richard96@example.com,True
cus_xuzjisbrrgdurtxqbhjqeh,Stephanie,Campbell,jjackson@example.org,True
cus_lwotkbvoxwsqidshyxwdhi,Rebekah,Sullivan,edwinmcdonald@example.com,True
cus_pfgfrkxiudpdufvatpkywe,Dominic,Pena,carsonamanda@example.org,True
cus_ejsyrzlpnekmlpnnlbanwn,Jennifer,Mitchell,kim04@example.net,True
cus_jodrbxlaoucyxhozudjszx,Michael,Bailey,wilsonsean@example.net,True
cus_xlbrfmvnxrbkzeljyllzvi,Richard,Howard,michael40@example.net,True
cus_yvfxphldmqprnueufozeuc,Paul,Perry,nmullen@example.com,True
cus_smbprmqoxgkhaseslmnxty,Preston,Wallace,charles56@example.org,True
cus_hiwtiudmicdbmkfkryuchx,Julia,Walker,micheal84@example.com,True
cus_ecprocgvpfxolcpjvsdyvj,Michael,Saunders,erictrujillo@example.net,True
cus_clfpineffwdngsvvrdpfdv,Jesse,Lewis,kimberly57@example.net,True
cus_ygolmwlrocflbtlhvmbndz,Charles,Bender,shawna96@example.net,True
cus_zwxtcpjsvhwcdoftvaxrys,Evan,Shelton,sarah22@example.org,True
cus_mwhlbvmecvjhcondhsulnw,Jill,Vargas,markryan@example.org,True
cus_xsvwingchdyuuirhputrbu,Benjamin,Wright,sandrabell@example.net,True
cus_gipdpsoylvrzziygsxplrw,Nathan,Moore,matthew11@example.net,True
cus_hgxtygseyzdgvbdeyorzqr,Matthew,Garcia,nathanking@example.com,True
cus_znmvbwgotlozynbytfbdba,Sydney,Richardson,jessicamedina@example.com,True
cus_rkgsembrgbnkpijfztkldc,Michele,Cox,harrispaula@example.org,True
cus_iirmjasuctulzhamttdlxb,Michael,Perez,anthony85@example.org,False
cus_hdufvljpzxofjjamnyjrjt,Paul,Skinner,austinjohn@example.com,True
cus_plarmqosmbfwqmeekpryxl,Jodi,Burton,lori21@example.net,True
cus_gxpgytyvnynrzynvveihac,Emily,Tran,robinsonkathy@example.com,True
cus_eiymrqepnyhdxgupymnhzg,Logan,Lee,danielschristopher@example.com,False
cus_lfmefrtxvrsmrguypoqlnv,Andrew,Glenn,curtiswilliams@example.org,True
cus_flcqslxowvojrhvzwfmnoh,Erica,Yang,noahgarcia@example.com,True
cus_gtmajsbxetbkwywututeic,Tammy,Santos,schavez@example.net,True
cus_bkvltxbenkbxdymxqzhwdx,Mary,Macias,brenda73@example.com,True
cus_fjhaossbfvpdmtwsmmijks,Michael,King,hwelch@example.org,True
cus_vdrswdatbdgfhmmvycsznz,Kaylee,Moreno,torresnathaniel@example.com,True
cus_rrfrjanucipuigemsdinva,Kenneth,Patel,maria00@example.com,True
cus_wwfqhverogpmvbxvbttmzm,Carla,Wilson,qbutler@example.net,True
cus_bearanbyqulswsqyjlslvk,Thomas,Mcpherson,nperez@example.com,True
cus_gavphnevygbxecskmoiwyd,Paul,Vaughn,christinaavila@example.org,True
cus_jbjieeutvrzdofbhogpzjn,Keith,Potts,nataliehicks@example.com,True
cus_gqidexvtdbbohtfgivvday,James,Garrett,timanderson@example.com,True
cus_zqngpgmdjkrukczrylatby,Jacob,Martinez,williamskelsey@example.org,True
cus_ztoocaeciehtfytwfuqnic,Robert,Whitney,fitzpatricksamuel@example.org,True
cus_kfxrhgcmykdvlvvgqffwki,Jason,Love,katrina92@example.net,False
cus_gyljirqggbtdhkzmjfhhxq,Kathy,Silva,mcbridetyler@example.org,True
cus_eerqsndkzfazkiqojbrwbl,Thomas,Shepard,fanderson@example.com,True
cus_camkaextybdmjzxsatwccv,Laura,Archer,alexandersteven@example.com,True
cus_exkcbrqkighulqoowjomec,Taylor,Edwards,petersondavid@example.net,True
cus_tludbtxjorljimrblkhptp,Peter,Martin,sean16@example.org,False
cus_rdydqkoudoogjvamxpxfxw,John,Ramirez,amandamaxwell@example.net,True
cus_zobtafocqpuxylydpncqlm,Vickie,Bean,harveysarah@example.org,True
cus_bouzffzjjifexsgntjlmgk,Jesse,Bell,davissean@example.org,True
cus_qrluymzgfdgnnapkejrojg,Diana,Galvan,rjohnson@example.net,False
cus_vbbozitemhcacxfshzhnis,Joel,Johnston,hollowaypaul@example.net,True
cus_ihbuttqwlxpdkkhsqjppvv,Mary,Hopkins,lisa94@example.com,True
cus_ljkivbzoizeschvmrjoehb,Thomas,Parker,margaret15@example.net,True
cus_yqtbsslsbykhjjscwkovcg,Jessica,Rogers,vanessa85@example.com,True
cus_jzwrwcpenejotrvfhzfaik,Adrian,Mora,kellysharon@example.com,True
cus_vuoiqmnogfjjqhkgzqhrzr,Lori,Rodriguez,jensenjoseph@example.com,True
cus_bwzeraxgwoqshrmjxhbcup,Candice,Mullen,michaelfisher@example.org,True
cus_ezstxxfgjmrhfvuasqlwtr,Stacey,Rivera,jacobsjennifer@example.org,True
cus_gjdmvlhfwqbdimjizbvavz,Kenneth,Green,lewismichael@example.org,True
cus_zdshakcvxxymprxjoyvpka,Sylvia,Harper,rperez@example.org,True
cus_qeowdmhopigcahehanijru,Walter,Fields,frankmelendez@example.org,True
cus_lydahevmzlcfjtloitgaaf,Ebony,Stephenson,stevenjohnson@example.org,True
cus_yqqcqruriscbzoggaitbxj,Brian,Williams,michellewilliams@example.com,True
cus_vupgpqarifjccapmvumheg,Robert,Austin,qperry@example.org,True
cus_ixvsrsotrczsiviaygykij,Steven,Koch,kimberlymay@example.net,True
cus_worumhuiimvqqupfqfhglz,Douglas,Hartman,rortiz@example.org,True
cus_qpvllvxpoeydcknfxmgnhn,Scott,Thomas,sevans@example.org,True
cus_inziijaoxbuutdpxjmqdag,Brittany,Miller,qevans@example.org,True
cus_ktodqitzqpmtrrswrjhwlg,Amy,Hansen,virginiawilkerson@example.com,True
cus_zfdepovbgzyvvzuwbnkmcv,Wayne,Harrison,janet76@example.net,True
cus_poalobpoliazmockkaoqfn,Julian,Harrell,amy46@example.net,True
cus_elfqdrijtepvkkmlfewvmu,Kimberly,Nunez,tonyapowell@example.com,True
cus_heqnpnqzanlpcjgbiaskac,Darrell,White,selena20@example.com,False
cus_uhgxayhonlfjacfaoegzvy,Sylvia,Long,eking@example.com,True
cus_szvownoesrlirevfypxngj,Ashley,Johnson,kyle50@example.org,True
cus_ibvidwlrgbmvljkfuupusn,Victoria,Wagner,jodimiller@example.org,True
cus_txzasjgnnaafaadvzezmfy,Jeffrey,Myers,lmayer@example.net,True
cus_ywclztqibqmiyktvvinvtl,Ian,Fischer,richardhickman@example.com,True
cus_vyityxglbahdiodzvhfsyw,Cassidy,Brown,williammay@example.net,True
cus_dasbpksrtkcjyoznrevehs,Kathleen,Wallace,ktucker@example.com,True
cus_psuhnkianljluwxfblzgpy,Andrea,Miller,edwardsshannon@example.org,True
cus_wkpagbyukawdbuaebxsczd,David,Mcintyre,erica32@example.org,True
cus_uzwssskwyxyrxuzrayybgq,James,Mathews,hdavis@example.org,True
cus_mtpejniljoypwgflrtwxcc,Denise,Rodriguez,smithrichard@example.net,True
cus_ixtencafbitexjkydcxiup,Beth,Guzman,miguel12@example.net,True
cus_wprfofnlehplrcwdydqxve,Kevin,Cardenas,bjensen@example.org,True
cus_znckbxmaxoirbnqfredoac,Justin,Nelson,douglas52@example.com,True
cus_wpaohovzfjkkywkxzdochu,John,Long,andraderobert@example.com,True
cus_eymiecoqceoligsmgigjzw,James,Ortega,fjenkins@example.org,True
cus_drnxwmusissarajnenzkug,Timothy,Sharp,ernest44@example.org,True
cus_uykhantlismnyuixhfgtnb,Danielle,Dennis,yolson@example.org,True
cus_rnoorfobrmxlokppprapna,Karen,Richardson,williamhines@example.net,True
cus_kpiivlskfsczscafonvjah,Thomas,Buchanan,robinsonkaren@example.net,True
cus_mnkcbjqmrwwaoszmvgksvr,Sara,Norris,hillrobin@example.net,False
cus_mkvfaybtfuoialnojjswgt,Anita,Hall,brian42@example.org,False
cus_qlgcmmjaribdvmegrwmqfy,Michael,Shepherd,gscott@example.net,False
cus_xdlcjdkpdvbwhsazuahzav,Jason,Chen,jasonmcmahon@example.com,True
cus_pnvffgkxfwgivvsqotfiyp,Christopher,Ray,xfranklin@example.com,True
cus_eaplxniukihewfovuzuzan,Mark,Martin,powersmarie@example.com,True
cus_loqxmbysjehuiarrxbkqiy,Michael,Perry,ohall@example.org,True
cus_lbyjxrdpuohpwzqhjknapc,Emily,Stone,vshaw@example.net,True
cus_rrufjtjulxvvqmiycrbori,William,Ellis,loritaylor@example.org,True
cus_sypecvbnlaboelmqwunmrv,Linda,Christensen,levinethomas@example.net,True
cus_kyrjrkiigpeeefufbghwck,Justin,Jenkins,robert96@example.com,False
cus_axclhctmvrsueqmrcoubft,Chelsea,Taylor,ibaker@example.com,True
cus_eptrdslhlftiehzzfqmreg,Alyssa,Contreras,martha59@example.net,True
cus_uovmnnajcfqyoeqklztybv,Paul,Nunez,copelandrobert@example.org,True
cus_wlmgijnnsptudukglhgtwg,Brandon,Griffin,william08@example.org,True
cus_mkgqsssjkrkecccfcgqbxw,Luke,Phelps,alexanderdaniel@example.net,True
cus_fdpgbsmxdxulzqnbwyowdq,Peter,Smith,thomasjessica@example.net,True
cus_ckoeljytktejplhfmugrrn,William,Clark,lindaniel@example.net,True
cus_ytuarfvpomagpjillgukfr,Michael,Santos,theresa51@example.com,True
cus_washazjkpcljxempxtkdef,Morgan,White,wodom@example.org,False
cus_nymibowtctruubyayxkjoe,Nancy,Gray,lherrera@example.net,True
cus_ekuxungdshipzjabgeumwa,Marie,Quinn,steven83@example.org,True
cus_baqmprwlaqiehuzxvfkoub,Jose,Mcdonald,johnsonkerry@example.net,True
cus_ouioonbvgbkaetwkdpqmlv,Mark,Scott,lewislaura@example.org,True
cus_shmkvyultmyqruuvcqgvgz,Cameron,Charles,nicole90@example.com,True
cus_pubrqqxzyetotonbeolauz,Kayla,Stanley,stanleyerin@example.org,True
cus_ffevkzfvfhwmzcullxqjqa,Brooke,Mendez,brett30@example.net,True
cus_mmoulxfpqjjkzkwfngfedp,Daniel,Gibson,brittanynewton@example.net,True
cus_sniqklgrojepxrbkwtiltd,Susan,Simon,patrick52@example.com,True
cus_yunbkfmegityfdnmypjpje,Brooke,Fleming,weavercarol@example.org,True
cus_myjarznscivskpobmlssog,Ashlee,Wade,ndiaz@example.net,False
cus_vuyhhxcgbvkxyzxxpxpajc,Jesse,Hill,cynthia03@example.com,True
cus_onjcxzbkxqdddjxvczknnc,Audrey,Munoz,andrewmolina@example.com,False
cus_cxottorginvjjbkzusqyqg,James,Ford,brandon33@example.org,True
cus_fdgoizeupenaogvsteazwg,Lisa,Gibson,keithmartinez@example.net,False
cus_bddmegzfkksqjrevminthy,Kayla,Cox,charlesbenson@example.org,True
cus_clotgwqvpfdpbgzyjeedvm,Kelly,Wilkins,mariarogers@example.org,True
cus_brwjbasgnitdjecszlcyew,Donald,Meyer,pauljackson@example.org,True
cus_enhygwrkaizqfttjciiftw,Karen,Ayala,amber86@example.net,True
cus_beuixbevxrvjgcbjjdhdut,Susan,Walker,iweaver@example.net,True
cus_jwmwvftscnjexjqxxpqkcy,Michael,Miller,richardmorales@example.com,True
cus_qzaxvimkfolyuohimetbks,Gregory,Bowen,jamesmorris@example.com,True
cus_ywfqnudvifhdlucjufihpm,Kelly,Ball,martinezkatrina@example.com,True
cus_cutlxfwaxekwziplqxnphk,Tasha,Hansen,heatherramos@example.org,True
cus_inkwqkzmhaitelharhvrvw,Melanie,Olson,simpsonjoshua@example.net,True
cus_lgeuxvosmaahhfjzdvcrov,Dustin,Wilcox,ygreen@example.org,True
cus_hviwllpiagotgxkyypymsa,Jeremy,Davis,mollyporter@example.net,True
cus_dwexbzzjtetlwxmuoyuxpv,Eric,Harper,snyderandrea@example.com,True
cus_uafrjdkaovvpsxhdzuhsvr,Catherine,Williams,jhanson@example.org,True
cus_ysuvbetjtgjiiwjlxiowub,Gregory,Khan,albertthomas@example.org,True
cus_ithjqveltcipyufpirqxso,Meredith,Adams,hardykaylee@example.net,True
cus_nrjngpvtlxsuyfbsahkvtn,Jonathan,Cole,julia32@example.com,True
cus_ivyovlxhnzohwfjhtahdio,Victor,Martinez,haydencarl@example.net,True
cus_rdekmenauzhteefqxabddi,Anne,Smith,urivas@example.com,True
cus_gjyykvtgbnjgpajxjkguwh,Samuel,Wallace,chavezchristopher@example.com,True
cus_cxrpjdyuzbsgwwdkkwtdxx,Jordan,Mcdaniel,ellencampbell@example.org,True
cus_egpitggkofthqjldkxbotp,William,Kim,vcruz@example.org,True
cus_stsrvtyrtvchdpdcvrbdpv,Joseph,Myers,jacqueline87@example.org,True
cus_utlqiaqdagakosizgbxcoy,Jill,Cole,dcruz@example.net,True
cus_xjlgqjdtefbiblgpypssus,Judy,Sanders,ecain@example.com,True
cus_tyfpfyjhavwfygclodgtet,Mason,Vargas,wendy07@example.net,True
cus_siqyfjyuungmufeykdrhju,Jessica,Reeves,nancy24@example.org,True
cus_bsiqsdiojujycvgmfkvagj,Brittany,Rodriguez,ayates@example.org,True
cus_gsvmrdgpiuehsjjbcfmxoc,Brian,Olson,christina81@example.org,True
cus_gvrienxsnjbouokojyzosj,Carolyn,Davis,erica42@example.net,True
cus_waxsocrqiezfmcukgscirv,James,Ryan,adaniels@example.com,True
cus_ftokumikhhwyyvlogyejzf,Matthew,Williams,haydenmichelle@example.org,True
cus_iupxkvpxjjogshazjxnfmj,Melinda,Hawkins,browneric@example.net,False
cus_lxmxrgksaoouezoozjwycu,William,Foster,cindywalker@example.org,False
cus_vmruwokaqkgfxffmpgzusl,Andres,Mcdaniel,robertsondavid@example.net,False
cus_lrkulbuyocsaydmgyxrucb,Michael,Rojas,youngsandra@example.net,True
cus_pxbzgjyyjkyakzjrbyyvae,Wesley,Brown,cherylryan@example.net,True
cus_muiafrfxicsvtkkhsddefg,Terri,Lee,donaldjones@example.org,True
cus_tuacrwlvbefkoqmzpidxlx,Thomas,Mathis,ihawkins@example.net,True
cus_cnwfalinqcbgtfvzsbrzpb,Maurice,Brown,reneepitts@example.org,True
cus_vxrygidjvtbrtfczvxelyp,Brandon,Lopez,gordonarnold@example.net,True
cus_ucjmnhhkqjhocighsdpjof,Adrian,Ross,jamesamanda@example.net,True
cus_kymthzrdukieshafotpyhf,Jonathan,Jones,wrightscott@example.net,True
cus_ugqtocehokrzwwwyirtlik,Kevin,Williams,vrusso@example.com,True
cus_waeyetlpcpnjtfdkgvnkja,Tyrone,King,hwilliams@example.org,True
cus_wxwrxldjtfwnlduvlrwtlj,Garrett,English,brittany43@example.com,True
cus_ietrfxvznsvmjvnxkpdxqz,Sherry,Taylor,reiddiana@example.org,True
cus_zfbetckggyagpjtfkvnvtm,Todd,French,tracymitchell@example.net,True
cus_hjafschhemwdvwsldbojhb,Kelsey,Chang,dmorgan@example.com,True
cus_mqjysmjlzyhniwzbwyaygd,Carl,Davis,kimvang@example.com,True
cus_ljwmaxbeffgzjvmfjuhtdy,Mary,Ford,pamelahawkins@example.net,True
cus_fokzeqiqwmpyiaulthkorv,Rebecca,Marshall,steven17@example.net,True
cus_rofrlowvtvoglbhrkcyoso,Victor,Evans,andrewflores@example.org,True
cus_xmafnsqsugzfdtrongqnhm,Wesley,Rodriguez,marie43@example.com,True
cus_rfgdqvbmuxvdcfocajdkqk,Mark,Richardson,andrew73@example.org,True
cus_exvrpdknonvkpyalgxsddx,Tracy,Pham,tsanders@example.org,True
cus_jhpfzgdcdzkjefgzpvwugh,Linda,Hall,millerstacey@example.com,True
cus_zamprausqvpplxddwhztpc,Jonathan,Stokes,kchambers@example.com,True
cus_quenihextzgvqcenayarcg,Gregory,Huff,rodney04@example.com,True
cus_ybfkpdmxaicvzgsneoioox,Kevin,Johnson,michaelbeasley@example.com,True
cus_dyameczksfqdjikyniamev,Alexander,Garcia,carrillotamara@example.net,True
cus_dghhkxyleussprkqoongdl,Amanda,Stevenson,eric40@example.com,True
cus_zmshctbqrorurneozcvmeh,William,Jackson,zmoody@example.com,True
cus_jsdjstahgupmcvmehtvitf,Briana,Gutierrez,donovanrachel@example.org,True
cus_pujvqjwoswmbrtujwfvhix,Patricia,Mason,jaclynhoward@example.net,True
cus_yipqhnmspnxgspxjmjxmky,Kirk,Moore,david42@example.com,True
cus_mzbeejaaihxuqcdpexcxou,Sarah,Harris,john01@example.org,True
cus_euikalxdzvgriajqjawesh,Teresa,Brown,nlee@example.com,True
cus_czdypflqxffvrlqzirrjlx,James,Morgan,suzanne89@example.org,True
cus_kgzmgqyhhknqcfjfzexzgp,Kristen,Brown,kristichapman@example.net,True
cus_uqctffsihzqlhfugohnwyi,Stacey,Anderson,scottdiaz@example.org,False
cus_flenrufxtswjpiictvcxhu,Misty,Ballard,earlcalderon@example.org,True
cus_jjopejyqsdowmfzdwsmatj,Tim,Le,amandadean@example.org,True
cus_mvxstjeostcqugiqnlxrvo,Randall,Frank,xhunter@example.com,True
cus_tstlqjzajnffvfqsdiclfp,Kathleen,Mcgrath,shafferadam@example.org,True
cus_isulvahnxlafqpslkzzmaj,Michael,Conway,gary76@example.com,True
cus_ctdxyixlevwaohrixmqohj,Andrea,Miller,ballen@example.org,False
cus_zfmkdozzibgrvugbehdasx,Ashley,Drake,taylorcourtney@example.net,True
cus_nklkgvqmtimdtkftxecqok,Jo,Robinson,nlee@example.com,True
cus_eycxwwoxrauisjujzzyuwg,Omar,Jimenez,smithrobert@example.com,True
cus_amyvyhmgiytoyzykvkokxq,Daniel,Hogan,cervantesmichelle@example.com,True
cus_fniqdavffldjtklqtexnty,Jonathan,Hanson,josephjordan@example.net,True
cus_powpusuwuwdgmtqzcxvovi,Stephanie,Fernandez,laura63@example.net,True
cus_sbfgksdvhkznvfaxjlkpts,Cynthia,Haney,benjaminpayne@example.com,True
cus_rybxkpzoezwzcinaqjupkz,Gina,Buckley,nicole42@example.com,True
cus_derkxtrvvhuaqkwylddnta,Ann,Ray,deborahhall@example.org,True
cus_xdqaohuaxaukmzjkiefyuq,Jodi,Payne,hbrown@example.net,True
cus_dqqjspifkwovctnzarfkma,Timothy,Ballard,rbolton@example.com,True
cus_zghdlrqbhdfvbyjkkigfur,Brenda,Garcia,joewood@example.org,True
cus_lrigkxfyhcwzyyebzszdfy,Katherine,Stone,robbinsdanny@example.org,True
cus_fueugggkttxggifokbrfdj,Kimberly,Wilson,jenniferrichards@example.net,True
cus_ffnchdvuhiowipomollejq,Gina,Andrews,gcontreras@example.net,True
cus_ddofqvgmlwddtdktezvzmv,Allison,Rich,fitzgeralddamon@example.org,False
cus_hsuxvdggemoqwwoajumygy,Erika,Garcia,teresa10@example.net,True
cus_jayupubbjndjmphxphalwp,Jason,Lopez,ktaylor@example.org,True
cus_ausunjawxiptbnbtlzjduc,Richard,Novak,ipace@example.org,True
cus_htwlktyeovhzhrvtcvcgij,Trevor,Raymond,harrisroberta@example.com,True
cus_aojowxmyhwlyhmvopdxbxp,Haley,Ross,paul47@example.net,True
cus_gozvjtkrabagvxwcdgkfyh,Antonio,Taylor,stephendaniels@example.com,True
cus_jctnyydvabgdcujnpmlsrj,Anthony,Taylor,gregorysmith@example.org,True
cus_kmzmzqvjqojvdekvzfqvfa,Linda,Freeman,emily60@example.com,True
cus_joynsybbaomlymlrkudpcv,Louis,Sparks,jessica05@example.com,True
cus_doyaafqrauoortwlffhwow,Eric,Thompson,johnedwards@example.net,True
cus_iqinarnwfufouofnfsbiiw,Frank,Schroeder,bgarza@example.org,True
cus_yvuzwmslwbsvrbedturtzd,Brandon,Davis,gregorylisa@example.org,True
cus_dekaiqpamgtyilslobmxbz,Jorge,Moon,corey34@example.net,True
cus_oufcyjlzwtkkifbvnplcew,Claudia,Smith,robin23@example.org,True
cus_tnaynueldskjtjlhjvpkvn,David,Larson,edwardskevin@example.com,True
cus_yardsrlhkdolqfenevsbda,Eric,Burns,edouglas@example.com,True
cus_kwlvwqblagzpaealcnnwto,Rebecca,Matthews,campbelldavid@example.net,True
cus_fhdajufpcwekibgmrvjkll,Chad,Sherman,chasedeanna@example.com,True
cus_hnakxiqnvjnrviqvtelimb,Christopher,Fisher,nathanielpark@example.net,True
cus_khfblxdztpdlfsgymntouk,Roger,Jordan,bradleygarcia@example.org,False
cus_pnhqcghurzryczgrpczirx,John,Shea,dgould@example.net,True
cus_lifwdvjbgcmbiwqugjbsyo,Jennifer,Mays,kwhitehead@example.org,True
cus_obcdjgkeovxsheyqmxuohf,Joshua,Brooks,todd56@example.com,True
cus_rggnfxegphufokkwkuiemo,Lisa,English,hernandezscott@example.net,True
cus_ivkoeutlskibmsirewsial,Teresa,Wang,richard04@example.com,True
cus_haabjgysxebrdzwkwxyhzw,Holly,Weaver,louiswright@example.org,True
cus_yecbixoinndcaskztahdhb,Anthony,Dunn,sarah20@example.com,True
cus_wcdtlrqewlfdcgddtsancn,Laura,Lang,zvargas@example.com,True
cus_niupcejpsendeqnomkzwmf,Cassandra,Collins,stacyhudson@example.org,True
cus_jtepnaoaueklicbtyuxqxg,Jessica,Lee,tbriggs@example.com,True
cus_ppszmqfxvcpeahkcvwhkds,Brittany,Gordon,rebecca64@example.org,True
cus_vmwlllcivhuzblzzmrutuy,Jennifer,Conrad,jordanlisa@example.org,True
cus_cduucpatdmbofgxkvakxep,Carol,Kramer,vchen@example.org,True
cus_kwtcklfbzkvesnejihfccr,Nathan,Sampson,barronkrista@example.org,True
cus_qlohknalmfaqxohlwybrew,Amanda,Hale,joymcdonald@example.com,False
cus_xpznplmmpmraeilwgetatc,Jesse,Brown,aobrien@example.net,True
cus_ablcgxnlpddjhbbmaqmftt,Robert,Solomon,vmitchell@example.com,True
cus_zwkjqqvvnzdsohweumxghr,Cameron,Graves,jodibright@example.com,False
cus_tatrebszsbgbjhodfyeqci,Daniel,Schultz,yurichard@example.net,True
cus_jqmdjvvgteofihtxomnwhy,Veronica,Clark,jaredware@example.com,True
cus_apatxyuadktbkvxwnifxag,Valerie,Santiago,joseph39@example.com,True
cus_mwlmnfuolrmceqmsezuynk,Heidi,Mccoy,joe50@example.net,True
cus_byezlproyauoetcjwimtci,Michelle,Grant,qwheeler@example.net,True
cus_ktmynbgabokqmvzlmkuium,Anita,Garcia,salazarcory@example.net,True
cus_nkfoufoyaclsbagdonrqnq,Joshua,Hicks,moorejamie@example.net,True
cus_qinjidqdggvlfocekewjdr,Trevor,King,christine28@example.org,True
cus_flozomumwkzbvnhscqzrdy,Michael,Stone,joseph60@example.net,True
cus_olexlffmwaaqloloekraii,Mary,Morales,otate@example.org,True
cus_sghmclkylvkfmlxudhwozv,Kaitlin,Hernandez,hubermelanie@example.net,False
cus_hjqboblbkmlzrlaoiehiez,Troy,Mccarty,shannonkrause@example.net,True
cus_pjsnhmqlilwhsmkziinyhp,Crystal,Jensen,kristengarrett@example.com,True
cus_whdpdlkkeeajscpecjydoi,Oscar,Flynn,qbailey@example.org,False
cus_kfsslnsinpbutuqptjllln,Jennifer,Cross,sabrina64@example.net,True
cus_qaejshwxrfhltslikokebu,Annette,Freeman,myerskristine@example.net,True
cus_jqgnbkycuznmwmnviolbcv,Andre,Gonzales,yriley@example.org,True
cus_zaheurkoxhqewevvauqlch,Robert,Bruce,jason56@example.org,True
cus_hyrnddykidnzstyqvitmux,Melanie,Nelson,milleremily@example.net,True
cus_lnbubhqidgrgwbgjehsxbi,William,Murphy,brookskelly@example.com,True
cus_azrdenalurcvjpwprekyvp,Vanessa,Cook,ktaylor@example.org,False
cus_trmwqctlwenbmoqwaryyxe,Jason,Cooper,matthewlynch@example.net,True
cus_dvnwrrslyxaiadofzkbkfw,Justin,Middleton,erangel@example.com,True
cus_uazyzlxdairvembkufxkol,Charles,Moreno,christina41@example.net,True
cus_nvmgqqzpxdgkozilrdpqnj,Stephanie,Shah,cookshannon@example.com,True
cus_udwzoqohxqiejgpdvjgltb,Marcia,Powers,kingdaniel@example.org,True
cus_ckunqujeznbvugendnoior,Luis,Hamilton,annawaters@example.org,True
cus_cmhhvmoaflazqxrrbqkuke,Sheila,Harris,andrew72@example.com,True
cus_vmlcdqfzzfavcbdooqbujb,Juan,Myers,aaronray@example.com,True
cus_eglsimbffcymhqmxdoonkk,Garrett,Moss,uking@example.com,True
cus_facekbnevgdifntxmupxts,Melinda,Allen,david15@example.org,True
cus_radpzteewrtexnpwvjrkco,Melissa,Hanson,bradleychristensen@example.com,True
cus_prpqhuxxghvnogkykjrugg,Robert,Robertson,bcastillo@example.com,True
cus_kcncvsqnukrumeegwbxqbm,Jennifer,Gross,erin86@example.org,True
cus_rwpkizwcpqyotyuqqqjven,Sherry,Mills,scervantes@example.com,True
cus_ksfuditoiywljjptqytmnf,Claudia,Welch,meadowssarah@example.com,True
cus_xstkazuxlzcilmekloywfj,Jessica,Long,steven64@example.org,True
cus_afdampstbjxmyjaexvdamy,Isaiah,Taylor,bmcgee@example.net,True
cus_fmrnejwajftoajubpntbgq,Justin,Campbell,hpeters@example.com,True
cus_ihcalrzczvnbbvjqeewiwv,Samantha,Mitchell,smithregina@example.org,True
cus_yuthvnxhrmwjyswhdsnmzs,Kristina,Allen,kellydoyle@example.org,True
cus_ssslwxnphorubtwfjsygva,David,Lloyd,jamesburgess@example.com,True
cus_ijokelwiqxtzwpvrinrnhk,Adam,Cross,nroberts@example.com,True
cus_eybptfawgjzleapjornhcj,Sarah,Flynn,thomasadams@example.net,True
cus_tiiitsuwuqwngkyittegko,Amber,Franco,kchandler@example.net,True
cus_mwtwmkritjcqomnmsuiwtl,Rachael,Patel,zachary00@example.net,True
cus_nixabpoithysbfcxtvqpoj,Yolanda,Rowland,tmoore@example.com,True
cus_jhscxwuvuzjdgtxheantdd,Deborah,Ellison,vthomas@example.net,True
cus_jjwmkvnkxhlfqlwtwmydzy,Patrick,Hughes,warddaniel@example.net,True
cus_fxbhknkvkayfnefwxdpuih,Sherry,Bradley,michael66@example.net,True
cus_ywgnkvbmbiqgetndzkzfys,Michael,Ellis,ybautista@example.org,True
cus_mdgpzuzaffbqzywlldjkhs,Evelyn,Fernandez,ellen95@example.org,True
cus_bxzhrjkegjosqpoqmzrapp,Robert,Fuentes,juliesanchez@example.com,True
cus_swqxzudzwmatpbnbpfgady,Shelby,Herrera,fdavis@example.net,False
cus_jciucesnjyzgnzrzjxhxkv,Dennis,Dennis,brandon42@example.com,True
cus_sewwwqfzjcydwgwnqphjbg,Rebecca,Robinson,johnsonscott@example.org,True
cus_lanmiklgpysetdpzecnrwo,Gabriel,Chambers,baileyerica@example.net,False
cus_ynofiqtynqpmqrkhkdeaol,James,Arroyo,matthewberg@example.net,True
cus_flbwqqmlciltgnhlqaspnk,Jeremy,Faulkner,brandi17@example.com,True
cus_sgxaxujgsvsdderuketsiz,Cheryl,Blanchard,xharvey@example.com,True
cus_zlaawnehcnltmdxwqkkcmu,Victoria,Chan,katherine31@example.com,False
cus_jpahuxpcmsgzibxoxjytav,Mary,King,donnajohnson@example.org,True
cus_ixyqehtvfhuqrdnxkrlwqd,Nicholas,King,dennisbright@example.com,True
cus_qgtymqckqvnlvtqqozxfer,Bobby,Cortez,lbooth@example.org,True
cus_hteitnjfehdnbqjetmkugq,Rebecca,Greene,msoto@example.org,True
cus_eblnyptgtwxjigqkwfliei,Vincent,Adams,kellysantos@example.com,True
cus_eahqczxefnglwkhgpfhjvc,Savannah,Smith,scottmichael@example.net,True
cus_aoufsfssnxlddxkviwzymd,Ian,Pacheco,bethany77@example.com,True
cus_uzicozggovvibhkbaodcfh,John,Payne,jessica41@example.net,True
cus_ipkguxbqsdmigxapudtqpt,Michael,Gay,carlos23@example.com,True
cus_gfcfimnepmqbkzathrqlrc,John,Graves,nancyhall@example.net,True
cus_szruvqfeugupdhuwelspsu,Vanessa,Green,morajulie@example.org,True
cus_sszgvaiajzrhhucnjzhiwx,Steven,Cruz,janetsanchez@example.org,True
cus_qwlqmtqtprvboxmqcgipmj,Sean,Harris,angela24@example.com,True
cus_iszzkgercldcaeeplojuuo,Cynthia,Clark,matthewhamilton@example.net,True
cus_chrnosptdbxxslfndkoufl,Mario,Warren,warnerdaniel@example.com,True
cus_fbhvswpfqbcoywkqwmjxsc,Jennifer,Murphy,ejohnston@example.org,True
cus_mbunpgbqdcldbxvujbhawe,Jason,Bailey,angelacampbell@example.net,True
cus_nvbwbwgwjuqksqfsrvgics,Penny,Lloyd,henry19@example.org,True
cus_tvcucovmslvpnkdqpphzwm,Paul,Bell,tracy88@example.com,True
cus_yhkzxhltbydehdpvyrrsyr,Robin,Thompson,jameshiggins@example.com,True
cus_inxzvzumkmtkqtxglhekif,Melanie,Conner,sjohnson@example.org,True
cus_qvgnttfkwdgjatwmehaufi,Matthew,Young,dgilbert@example.com,True
cus_ewkngaydldrldbejirmxsm,Rebecca,Griffin,fcasey@example.org,True
cus_inuziliqwxrniajjphdgts,Eric,Hardy,annchambers@example.net,True
cus_eczuxcwmayfyqnzaktnwwh,Dawn,Moreno,martintheodore@example.org,False
cus_aitevecdxhuzoekwisckkr,Amanda,Peterson,horneerik@example.com,True
cus_jbgnrdiiebcidgbsndumua,Thomas,Harris,joseph53@example.org,True
cus_qpysxgkqhovmxwmxuonhht,Amy,Miller,leebrandon@example.org,True
cus_idfgcsgkydofzhbgnskwpg,David,White,christopherlowery@example.net,True
cus_kkvhofgetlxldpxlfgkibq,Linda,Johnson,hmcconnell@example.org,True
cus_dxnxucwwjkixbhfxqrbzeo,Jim,Valencia,vargasmisty@example.com,True
cus_oriczeartpekgdsbosyikt,Tommy,Walker,dwillis@example.net,True
cus_iegqtadiobxxdmfxuwkgjy,Erika,Crawford,christopherjohnson@example.org,False
cus_ijgzpjsjjhtnermhdogyxi,Rodney,Jones,kimberly72@example.com,True
cus_gwkneqhwhnwkgfnfhhjqgh,Daniel,Hall,holmesjames@example.net,True
cus_vrbrfbyqvjngmzhocyzmor,Keith,Harris,fwood@example.net,True
cus_bbtvrahjxkwesorthzdzfw,Jason,Chapman,dperez@example.net,True
cus_ajwgangimhdaixjmlvcool,James,Smith,bretthamilton@example.com,False
cus_dhplbacwdrkjblrblgxvra,Melinda,Watkins,moyerlindsey@example.net,True
cus_utipiefgwrlinepoeaeasx,Tyler,Stanley,jharrison@example.com,True
cus_rucnrqhivwlnrakcvzgwkt,Katherine,Johnson,andrew51@example.org,True
cus_ltlvctxcnkmuufdalouapy,Jay,Walls,jesse98@example.com,True
cus_mcouyohtkhwfxdgguciaup,Justin,Brown,adriana42@example.com,True
cus_fxjayicwdkwfaxtswvozzm,Joseph,Reed,jose57@example.org,True
cus_wznfrvjgusemqpulxyffqz,Steven,Miller,connie32@example.com,True
cus_pjytrfrgunzxlevdpwdeaj,Hector,Fitzpatrick,kevinholland@example.net,True
cus_rzyfcyjqfqibewzjeijoxf,Ana,Wells,alexis40@example.net,False
cus_lrctlsfiusolsdbjanglxr,Sara,Marquez,james93@example.net,True
cus_dngdejqhwfyylexmxcpcqw,Cody,Cox,pcarson@example.com,True
cus_icadnuarpmpqlqsfnvcznb,Steven,Martin,ihartman@example.com,True
cus_embqidrgxovjtbrzlfonmb,Paul,Duncan,gbarrett@example.org,True
cus_pbwjghpguvrycmaqptihxq,Mary,Sparks,cadams@example.com,True
cus_izhfgiouapfzjkbukpqrlw,Marvin,Ayala,danderson@example.net,False
cus_ebyiyldyulnctcnxwqcubd,James,Hickman,goodwinsabrina@example.com,False
cus_nwtcvqspldzjrrwwlpkiuz,Michelle,Crane,shannondudley@example.org,True
cus_wqlayhguxrecblnmwompoj,Ronald,Mayo,kellimiller@example.org,True
cus_qudicwpdrpftlaefqzfthw,Lance,Sims,tmurray@example.com,True
cus_lzcaizddarpllnmblmprvu,Susan,Ruiz,jacksonmichelle@example.net,True
cus_scvtsthupyubkvgeozcosa,Christopher,Stewart,amay@example.org,False
cus_xmcsxihczlscijvcoeekrt,Larry,Roberts,samanthaholder@example.net,True
cus_vbmlomipyuwetmqmeuegqd,Kathryn,Le,martha41@example.net,True
cus_omuyljajhndswfaxettgcd,Patrick,Davis,forbesaaron@example.com,True
cus_sdfleufdgtoimvsqwxzhmo,Christopher,Walters,sharimarshall@example.com,True
cus_nijmytzuoirruimgekeplf,Corey,Martinez,gabriellefisher@example.com,True
cus_upiiwxoopydjqsslfiovre,Michele,Schmidt,reevesryan@example.com,True
cus_qaqlqtkbocigapvrwfdxrj,Marcus,Pearson,desireekelly@example.com,True
cus_bvfcuxsfejzkvznfovrvto,Robert,Hoover,haynesmichael@example.org,True
cus_odpfzqcwebfylkvsrhbuzs,William,Mcfarland,rodriguezjanice@example.org,False
cus_dldskgbodkawlxugvkggbf,Jessica,Stone,caleb87@example.org,True
cus_vndbqrhsyvpqkhvddojzwq,Dana,Morales,ramirezkristin@example.org,True
cus_yhrbejnukeulkhchrhedet,Samuel,Mack,laurierivas@example.com,True
cus_lwstbwtlrcgzmeiaerimdo,Joseph,Hall,krystal02@example.com,True
cus_zbvvudzciqidnlwwcmofwh,Anthony,Bass,frankanna@example.com,True
cus_lacideniqeupzmrjvvwetx,Amber,Bruce,danastone@example.org,True
cus_aflskopqvwrilbptmhqngf,Brandon,Thomas,janet56@example.com,True
cus_cqghxudqkmfszkymlzlolw,Maria,Green,kristinaramirez@example.net,True
cus_ufnixbsvnutontldhzjpnr,Valerie,Williams,richardroman@example.org,True
cus_evasntrxtodnimklwrtpan,Kathryn,Powell,lauriehill@example.net,True
cus_vnrwqpkeroymiyhtelqakk,Donald,Manning,montesaustin@example.net,False
cus_iqgtwmanfrigymtebyijyn,Dawn,Vargas,simmonsphilip@example.net,True
cus_npnsbpsmekrnznmppqezdw,Jennifer,Reed,howardjoseph@example.net,True
cus_bifkcinvlaayhqsxustfoj,Kaitlyn,Villegas,joseph30@example.com,True
cus_xjifbawwvheehznuehqzpe,John,Lowery,jennifer46@example.org,True
cus_hlgahjtvqnbdqcgemoowqa,Shari,Huff,rfry@example.com,True
cus_ozczbtwjprkvpnibtqbzzf,Amanda,Jones,owensfrederick@example.net,True
cus_pgfzgqfveeukwhqjtwpcea,Richard,Banks,donaldgarrison@example.org,True
cus_tpfsnbrowmoqopykvubfpo,Christopher,Hernandez,ubenitez@example.net,True
cus_tpfkjjmxxipieizmnlkhsq,Jennifer,Chang,fhorn@example.org,True
cus_qicthgrnakgoaucjmtncfh,Rebecca,Thomas,yesenianewton@example.net,True
cus_pswxzfosrftkakqlocbycb,Craig,Carter,iflores@example.org,True
cus_ypsmrjkhlxnrlwxdiiiizb,Stephanie,Ortega,vickiegutierrez@example.com,True
cus_qvtfyxeubenllwfwjgpqfz,Sarah,Burnett,christianwright@example.com,True
cus_khkttzgudyanxwvceuobdr,Christopher,Perez,scottashley@example.org,True
cus_mnklylzaedljcujjshmghy,John,Nelson,brittany62@example.com,True
cus_nnhovchfbysthvlbkgukpp,Monica,Hernandez,flozano@example.com,True
cus_pwordwwshikgvasthnuure,Sheila,Brown,drichard@example.org,True
cus_iammmbxnxzcuovzoblgsqa,Jennifer,Mccarthy,josephjohnson@example.net,False
cus_ivlgybzicajbhdpfriwdzi,Derek,Oconnor,normancheryl@example.org,True
cus_lccosekujnpiwhasmllwvw,Jill,Cooke,wnorman@example.com,True
cus_yxarykprtplrvybmxhwazu,Frank,Stevens,sbrooks@example.org,True
cus_vobhonjjgzcqdqadlxdlnh,Daniel,Lewis,xhughes@example.com,True
cus_idewrtzuomlwfahrdkktza,Mary,Martinez,jamesturner@example.net,True
cus_nvfsolqvlixsrdghznzgcq,Colin,Washington,rebecca10@example.org,True
cus_ojraczkxsurdyqjmwklqtv,Ethan,Hensley,ashleymorgan@example.net,True
cus_kyoonvjblhfajoczzoxbia,Brandon,Gray,johnsonemily@example.net,False
cus_afjzzfdrbpsbusarjgezmj,Vincent,Howard,bprice@example.net,True
cus_jltklnioseyqjlbspeescb,Joanna,Shaw,jonathansmith@example.com,True
cus_yodxtclpavwgqqaxiscvoc,Dennis,Bean,cleonard@example.com,True
cus_ppiyvyzzoolbiluizsnzvt,Melissa,Fuller,petersonlisa@example.com,True
cus_rkalxtbisnhqofhxbgerrd,Jennifer,Tran,colleenjohnson@example.org,True
cus_sgigqtwoxzufkirkqhnskc,Alyssa,Wagner,hhernandez@example.org,True
cus_cuwkqddvqmznjzpnxbpkzr,Alan,Roberts,eddie97@example.net,True
cus_bwrqegwshvnpbgklbnkset,Tony,Lopez,douglasgarcia@example.org,True
cus_sipbqajczzndvuyjvpimay,Gabriel,Campbell,vanessa23@example.com,True
cus_aybhfaynvhjecylzqqbtus,Lisa,Walters,williamroberts@example.net,True
cus_hmljzrpiexwuxmfjftnlmh,Daisy,Hunt,grayjames@example.org,True
cus_tuqstzdteemeyiktrdeghn,Joshua,Green,trujilloclaudia@example.org,True
cus_ugbzaglwnkvfnaroxwwckm,Joshua,Miller,tammy51@example.org,True
cus_xvnnxnmmneliyzkavibrsx,Connie,Reyes,mark87@example.com,False
cus_yjzmfftkdkmkeklqlzumoe,Stephanie,Jones,sean08@example.org,True
cus_ybhsizghaxmyhyvuwzdfcf,Kimberly,Brandt,ann76@example.com,True
cus_plymasualcfedptekwqdem,Barry,Nixon,ydeleon@example.org,True
cus_urwcbtgkwsaztdcruymtwk,Danielle,Thomas,leglenn@example.net,True
cus_bdrsiowspyexumhlxslkpr,Kenneth,Pena,amberwhite@example.com,True
cus_bsweyvrlodbptjjugyldva,Laura,Deleon,joseph69@example.net,False
cus_ymsaizqhrdiqlipkaqlwtl,Kevin,Barker,kendragonzalez@example.org,False
cus_lgcbzmhcbdervrotbmobjh,Maria,Smith,lauramcneil@example.org,True
cus_gxiyxgcneryrbjsdmepsyo,Deborah,Lynch,thomas69@example.org,True
cus_sgstaunhwsdojppnsxbvyj,Nicole,Norman,yryan@example.org,True
cus_lwhadlgfndwvijbhhwaaxh,Chelsea,Barrett,renee57@example.net,True
cus_euhhmqzqaoxbkhpkctdgfs,Kristopher,Briggs,fanderson@example.net,True
cus_vrrlwlqfgpkpdipqcaaswp,Matthew,Williams,derekmichael@example.net,False
cus_rqnzmchetevjxwjsplodxp,Maria,Norris,ttorres@example.org,True
cus_lccyflbneobvatsimwsewm,Gina,Schwartz,coxchristina@example.com,True
cus_ijhxyuemzlwpkhagdqeihw,Tammy,Petty,christopherprice@example.net,True
cus_qaleziocpcnqbegsqfpihu,John,Reyes,douglasbarnett@example.org,True
cus_xqsrrkurnrjpvomkcubyhp,Brenda,Freeman,kimberlyward@example.org,True
cus_hzmfeepyhojhqhcdlgvztt,Michael,Obrien,ggomez@example.org,True
cus_rxqvwxsdmedcpzucrsompd,Sara,Fernandez,brooksbrandi@example.org,True
cus_sdurmckgcfjipfvcxqtavk,Jessica,Harris,joseph39@example.net,True
cus_fionoumhsabbjefxvxcdov,William,Macdonald,emilycarlson@example.org,False
cus_ufnbumpfzngqutsmbokeji,Donald,Alvarez,jenniferguerrero@example.net,False
cus_afmigoyoylpzgbrabjcehi,Theresa,Weiss,jennifermarshall@example.org,True
cus_tfhcrwgfstwwzdewjzdzdi,William,Terry,michaelthomas@example.net,False
cus_bfdokbcunotfeewqyhvete,Hannah,Acosta,gabrielcopeland@example.org,True
cus_uizrtiakvwfenmnqklxzbl,Scott,Gregory,rebecca18@example.net,False
cus_fynfxhjajacocqnjtdyanz,Arthur,Young,danielsanne@example.com,True
cus_mqksfcbxsxcooqvvlrqydk,Rebecca,Perez,vanthony@example.com,True
cus_zfwovwcwxhvjqkteerdlli,Tiffany,Huerta,johnbrown@example.org,True
cus_vlydujshmbgdkgznghrnrh,Cheryl,Reese,mendezsavannah@example.net,True
cus_twvahmlvgtqjqoubjpmgsg,Matthew,Brown,davidcoleman@example.com,True
cus_hirmeuuytvefrmyiuinpzy,Paul,Abbott,bbrown@example.com,True
cus_kcyhaspowwxgsaypamnkco,Amanda,Archer,bwhite@example.com,False
cus_ewrhsukknueyvmghnjbmve,William,Montoya,wilsonmark@example.com,False
cus_yfiiwxvujgcvicwsqfrtgp,Kristina,Reed,susan04@example.net,True
cus_ceyviifdsklzbixrfmuwkc,Andrew,Kelly,rebecca32@example.com,True
cus_uyefccqoutzvdzutjtmyqi,Brittany,Horton,mary42@example.net,True
cus_ulufbnnflqeginmvkzgzji,Mary,Simmons,meredith72@example.com,True
cus_laimzlzdxohzynhxwyojxp,Julia,Sanchez,paulmcknight@example.net,True
cus_nghuoulhuraavswubkwlym,Samuel,Trevino,heather79@example.com,True
cus_huybfkhamfynzrqszeshhw,Gregory,Perez,williamsjennifer@example.com,True
cus_nvnvhamhhvodvrubneznbz,Tamara,Patterson,bettyhenderson@example.com,True
cus_aeudwnlavuzwgbrdlaprvp,Jeffery,Clarke,nmurray@example.org,True
cus_zxdrodfzvztmdfbqryvrir,Holly,Mcbride,robertvelez@example.org,True
cus_znoajnbqvwcpsirpuorucq,Christine,Mullins,joseph03@example.com,True
cus_irlqdqrllbqpdwmmqtaecv,Ross,Torres,joshua73@example.com,False
cus_ffmzofzzugkhgorfmtuazb,Teresa,Horne,obrooks@example.org,True
cus_bxsgowgqtrbydnzjsfacbw,Mary,Gibson,timothysmith@example.net,True
cus_etvxmjaipzewdedwkyfrky,Thomas,Benson,fernandohuffman@example.org,True
cus_vujcippqpebgddcrpdfmxt,Gary,Le,fosterapril@example.net,False
cus_xynobbonnbxuaykbxdmtmp,Billy,Reeves,morrisrichard@example.org,True
cus_jpqgufctkoppnzwtdmzdob,Heather,Price,jacksonsherry@example.com,True
cus_dzruqxuhzitaewptrliwcr,Sharon,Jordan,barneskaren@example.org,True
cus_kqzodfvnxoyezauhwioahp,Elizabeth,Maynard,katie87@example.com,False
cus_ovlcfutqmteqddphhvuhyq,Amy,Hernandez,donaldpetty@example.org,True
cus_wgvnxqlnpyqoyouofgcfcl,Ruth,Spencer,lindseycameron@example.net,True
cus_dzejzehoqjebtdjlsjussr,Samantha,Greer,wilsonmary@example.org,True
cus_wqhqrtgiwgvmoypuhmtils,Linda,Mosley,edwardmurphy@example.org,True
cus_pjbdzhxnbrlvlovisjjdvx,Matthew,Smith,mary82@example.com,True
cus_zsvzqnkmrkwmilagkmyvlj,Steven,Carter,bensonnicole@example.com,True
cus_qhmstonhbaikibkceggupp,Olivia,Clark,samanthagarrison@example.net,True
cus_rbyivuxulfyyoizorvlacr,Linda,Brown,morsechristy@example.com,True
cus_lapieyoytuzsbasvrrztpx,Jeffrey,Copeland,jennifermarshall@example.org,True
cus_ysmudxkcazidyfpxkcgbqo,Sara,Hammond,cruzfrancisco@example.org,False
cus_tvtccgiplveleqgafkqloz,Mark,Morris,meagan42@example.org,True
cus_cesyeasxwcinusgkpxgntk,Edgar,Ramos,huntermichael@example.com,True
cus_fyloafkxymlchemfqhofgw,Courtney,Brown,julieavery@example.com,True
cus_ezknonzqwlhyxuybdpbbwg,Gregory,Kim,robert67@example.net,True
cus_cgqvxwsfmdsbodbgnygcqd,Sean,Rodriguez,johnsontodd@example.net,False
cus_pemsrydrwtxiwdndyclgvf,Nicole,James,john37@example.com,True
cus_pkfcvdxtcpwrskqunsfvef,Stephanie,Kirk,turnernicholas@example.com,True
cus_yuzhzmuthxxbhaueyjugzq,Robert,Fletcher,ashleyhopkins@example.net,True
cus_mghnztfarkrurehaajtfuy,Andrew,Garcia,rhondathompson@example.org,True
cus_dvtmajkrukfghsmttdgvfi,Tammy,Sandoval,dawn97@example.org,True
cus_lowdkplnepctowqqumsmxl,Cameron,Hill,sharpmaria@example.org,True
cus_khlbstmuvjxrdrtwvotqbn,Dustin,Smith,andrea40@example.com,True
cus_baycddkkgdswtrybjmrktn,Erica,Bryant,blogan@example.com,True
cus_scdaljpmbnaffpeoicvagy,Sara,Whitney,martin56@example.net,True
cus_uvnliwnqckwilselhliuhm,Alexandra,Rodriguez,brownkenneth@example.net,True
cus_mtjqghvccyomdionmmxhql,Alex,English,pjones@example.com,True
cus_sqllxlzvbmdspibslwhzrx,Caleb,Berry,georgejoseph@example.net,True
cus_fhllkljfqwgzuanasgczbj,Julia,Golden,pamelanguyen@example.com,True
cus_uyjwanrljywzarjjtyymhk,Danielle,Stanton,hhoffman@example.org,True
cus_nurwhdebkoytiuqsfoswon,Joseph,Clark,scotthuber@example.net,False
cus_jgbdkgnxkrcxygojkywqud,Lisa,Herrera,calexander@example.org,True
cus_icwhqulhfypefxwxusnxfr,Linda,Curtis,jonathanwells@example.net,True
cus_ukwnznbopxmfyjqjvdfbqo,Jaime,Douglas,warnerjeffery@example.com,True
cus_cvsuhxmbqaceprslisievo,Sean,Roberson,ucline@example.com,True
cus_esnzepjfxccwaakospfogf,Gabrielle,Brown,michellerussell@example.org,True
cus_goerkngaglpffflhtcmkfq,Christopher,Snyder,milleraaron@example.net,True
cus_tpwqiaxaojjbfbpbtroghr,Patrick,Arias,mckinneyjulie@example.org,True
cus_igjkvwmlcnkibjfmxfbnlf,Christine,Abbott,alexander51@example.com,True
cus_wgkellypmybhcjhgcaptgq,Daniel,Nelson,annettelawson@example.com,False
cus_mqzayopmnqmtnhmdikaylo,Brandon,Church,mblair@example.net,True
cus_ebvjcsbqpixwzgtvopfqoh,William,Wells,bakerjames@example.org,True
cus_punyqqneyycoigaadrfoao,Nicholas,Bryan,theresa04@example.com,True
cus_ehwtmbctghcgnpfzsvyrsr,Caroline,Cain,darren54@example.org,True
cus_hrdwnidnwylcveoiwhxffi,Melvin,Robbins,jamiedawson@example.net,False
cus_tpkdqugiciebgpsqsolcvw,Susan,Thomas,gcain@example.com,True
cus_mshytchnqcawvrqwovzqej,Jennifer,Collins,kimberlyhinton@example.net,True
cus_uefmomqfqpmlqfjswzgyrr,Michael,Payne,cervantessara@example.net,True
cus_oxlwqybalxpgesulgelqvh,Dawn,Johnson,ashley24@example.org,False
cus_cptxqsfvztdcsrhsivlywi,Robert,Thomas,kaylalove@example.com,True
cus_vpqxybaujgommpneeqcyit,David,Bell,hcraig@example.org,True
cus_qekgrdrcdnbxysmafjyyeg,Matthew,Young,glynch@example.net,True
cus_bhvjvnepeowaqeuvpblrco,Claire,Adams,cberry@example.org,True
cus_mktnnimcqunwughurbvfkz,Lawrence,Price,bradleyadams@example.org,True
cus_trjinrsbuagqvxdxqcuuzg,Casey,Cox,nmorris@example.net,True
cus_qkewsqwazywbleevaatlcf,Benjamin,Cooper,anthonyramirez@example.com,True
cus_jxmtnlrnnuxrdoybzrubuf,Amber,Koch,jeffrey69@example.net,True
cus_bxzqxueztcuqqxwrikvlfb,Jennifer,Avila,sclayton@example.net,True
cus_pbbjqlnohmahbwojnnwsuv,Michael,Bennett,fchase@example.com,True
cus_pbgcqwjuppwlfzmizyekqr,Angela,Butler,tylermejia@example.org,True
cus_zucyzhpivawotyekqkmnzy,Tracy,Bradley,daniellopez@example.net,True
cus_nbgpzaduwmgbbmsksclkne,Caitlin,Rogers,connerzachary@example.net,True
cus_vnjvodzlcicrtzpprahqqa,Adam,Camacho,lee50@example.com,True
cus_giccvwmzvtqrfykggvvtdk,Kenneth,Freeman,john36@example.net,False
cus_dekzulemyqxwvrtkhgcfgi,Debra,Rodriguez,jennifer89@example.net,True
cus_vidxhhwslkjyvjmjnzidcm,Jennifer,Guerra,gabrielle09@example.net,True
cus_voujswmfgzykytzjnwzkoh,Bruce,Christensen,xblair@example.com,False
cus_eljkpvxnlwbozpszjxrqgz,Raymond,Lopez,zmarshall@example.net,True
cus_osckbwivsspftwzfjqflav,Justin,Monroe,qlee@example.com,True
cus_bykpkhtdplyavaublkrhzw,William,King,dcarey@example.org,True
cus_qecaexmivyzwwkvtyxfwbi,Emily,Baker,johnsonjonathan@example.net,True
cus_eghdhouqmpeqdlnsitwzbs,James,Rodriguez,garciadesiree@example.com,True
cus_royqkllwngtddpwybvycli,Kimberly,Walker,kimberly12@example.com,False
cus_enlrmwvsgnmrgcrjewttnw,Lauren,Simpson,annettedavis@example.com,True
cus_iznpckercssxychqovwkyv,Michele,Miller,gonzalezjacqueline@example.org,True
cus_hirhiqpfeiaqisltolajeh,Joyce,Singh,derekhubbard@example.com,True
cus_jcaukikwjqbjclashfdtxv,James,Drake,myersjerry@example.net,True
cus_zmcxmlyznacekprjosyfcs,Melinda,Soto,afox@example.com,True
cus_lohcgmnlcrknrinulihoyn,Thomas,Moore,tjones@example.com,True
cus_yrtotqunqrimnjgxwmrlmw,Shannon,Wolf,jthompson@example.org,True
cus_fvgtzertytcphqdhiafyur,Lori,Williams,harmonlaura@example.com,True
cus_lrdphdsxzatporxnwvuypj,Austin,Villa,davisdavid@example.org,True
cus_znjemgxqdkwgtdsfzdaout,Katie,Carter,zsalazar@example.com,True
cus_ymuvefmmfcrbmdfxhpzjvv,Christopher,English,renee80@example.com,True
cus_elcvgaakehvzomrnjrngbw,Shannon,Patel,brittanyjohnson@example.com,True
cus_vlsnqbarichhqbncsrmube,James,Graham,christian91@example.net,True
cus_mkrlzaflnirtlnjrputlck,Thomas,Thomas,john37@example.com,True
cus_zkgmxmfslfmdskxfmuajdv,Alexis,Roberts,dshaw@example.org,False
cus_ctpkhnsbzureyyyjzmcekc,Elizabeth,Wu,hilljordan@example.org,True
cus_fopgdxvkwucbipdwegmkuz,Thomas,Jordan,katiedavid@example.com,True
cus_njnrntrkyrbpyiwsygzfwu,Michael,Parker,piercekimberly@example.com,True
cus_exgfahjqzpakiiiqvxqlqf,Thomas,Welch,robinsonjerry@example.com,True
cus_mkbqqwkouehdsmulyeoksi,Michael,Parsons,brendalucas@example.net,True
cus_ztiejzlsifggcbdtoiczna,Mark,Jordan,yhowell@example.com,False
cus_kvgodhizwbcznriszzlwjd,Jessica,Franco,jessicamorales@example.com,True
cus_fvxkxhvokdppvmzmoyqvie,Kent,Wells,elizabethroberts@example.net,False
cus_scvfgmrdlgcbjohqjodmbw,Julie,Watson,julian62@example.net,False
cus_lfbjwxaevsnyjahnmkaijo,Linda,Martinez,susan87@example.net,True
cus_wgpjrkcyvgycggtasjftpj,Anthony,Weeks,kellylewis@example.com,True
cus_wyeurimzhmmufkgxghvplh,Brandi,Jackson,jeff83@example.net,True
cus_gwvsdykwrylzgbcdjgbqgk,Tara,Martin,kyleyoung@example.net,True
cus_tmktmpychdbiwglbqmetvx,Jeffery,Perez,michael69@example.com,True
cus_daenpfrlowxuybhdfvscgf,Tiffany,Baker,fmullen@example.com,True
cus_zpbsggpwdigmkkirhzwoxb,Pamela,Jackson,lopezpatricia@example.net,True
cus_zrvbczlofcvykqwrbeobkk,Colin,Thompson,leroy50@example.org,True
cus_lhrqdxcerrqacrxcpdtfzb,Phyllis,Smith,owenswilliam@example.net,True
cus_mpjqctqbtwmycxkbegpcbr,Kevin,Morales,bryan91@example.net,True
cus_itrzygycwoxypuodzvmrzp,Christopher,Long,bankslori@example.org,True
cus_xccbkeoepccnvxoahqzpbq,Travis,Stanley,gibsonmichael@example.com,True
cus_mdszdqlscviycsdqnxqzvr,Kyle,Anderson,michele26@example.org,True
cus_cmzrcprolowijbwkmwcyyk,Elizabeth,Harrison,tayloramy@example.net,False
cus_lkzmphtczkxmmiayreonue,Leslie,Hicks,paul85@example.org,True
cus_fbgijqxovwhvrydajuxadr,Alice,Walls,collinsrandy@example.net,True
cus_ovduxvdeanoefjdljjgltz,Todd,Buckley,curryruth@example.net,True
cus_rjtuatxtohlndfwyumdmyw,Kristina,Taylor,riveragary@example.net,True
cus_gnvgxnkaafjypkxcaxxwvb,Ashley,Brown,victoria44@example.org,False
cus_dnwlbntzxdhiezlsujqeiz,Donna,Thomas,jonesashley@example.com,True
cus_nkkuaflckibmzgehbypdxw,Teresa,Stuart,eross@example.com,True
cus_jyzhsrygytvvbvndkoafys,Kaitlyn,Orr,oclark@example.net,True
cus_qqcoawlwzbeypyyydhyrtx,Jonathan,Barnes,christophertorres@example.org,True
cus_abpaqsralorjefdontrwfh,Jason,Johnson,adkinssophia@example.com,True
cus_slnzuugkkawzibbwyhfkti,Henry,Ware,paulcody@example.com,True
cus_zfrgxcvmareisjhloqbnjp,Lisa,Foley,beth36@example.net,True
cus_njchcojmayqlkndmvmaewi,Candice,Lamb,rwilson@example.net,True
cus_lccxomtfwjeapeucimvvzh,Jennifer,Perez,katelyngiles@example.net,True
cus_ypicnxtwvyqeglbknwceid,Shannon,Horton,thomasriddle@example.net,True
cus_jciazktymviuyffhkvitkv,Kristopher,Reid,mrodriguez@example.com,True
cus_pegkjhjiaurvljjumlehbg,Adrian,Gomez,hernandezerika@example.net,True
cus_afwzpnoqipewddshikihlq,Megan,Hamilton,gsantiago@example.org,True
cus_wmmwdcutjwbgjpfhwnxowe,Natalie,Silva,thomas90@example.net,True
cus_yavirglnjurmjytktgjlje,Ellen,Norman,christiansweeney@example.org,True
cus_vxjrrgqrsiqvoxudbwwetl,Mary,Caldwell,brownelizabeth@example.org,True
cus_myhwnkeutitnrhpsxlcvyl,Keith,Hicks,wongjennifer@example.org,True
cus_tiplbangdkvmuiagkhmvye,Brady,Ramos,ryanmitchell@example.org,True
cus_ihglacpptfqglleiexgnqp,Traci,Jefferson,butlerdaniel@example.net,True
cus_stadlurlotneuoqwyfsfkx,Kimberly,Doyle,kunderwood@example.com,True
cus_lrxrkrllmpqjcblqkdfblg,Omar,Ross,fortiz@example.net,True
cus_ugxvayfuhtgpidbelagoqy,Beverly,Salazar,khanson@example.org,True
cus_qseayngemyikunjdbggyjr,Kevin,Lee,katiemartin@example.com,False
cus_geplaaudyksdgyfkkpinek,Raymond,Foster,carmenvega@example.org,True
cus_vwecmwijtvdhuauzoimmrc,Barbara,Thompson,justinhoward@example.com,True
cus_kdghrowpnexdltaysjvktb,Angela,Thomas,david61@example.net,True
cus_bdmnubsczebvkonecqcces,Laura,Hall,allenchristopher@example.com,True
cus_nqbexhyogzetqlmioiinie,Chelsey,Clark,floydangel@example.com,False
cus_aqoubjbezlmjarmlpeznzh,Alyssa,Smith,jamie14@example.net,False
cus_gjselztthenwciffnlkvzq,Joy,Nguyen,garciajoseph@example.com,True
cus_wevehavuurccojaweijvdg,Gary,Underwood,jamieroberts@example.net,True
cus_pifiawifjvrncantjqkcoo,Taylor,Webster,william42@example.org,True
cus_hpbtdystcjgfmbupvqtniw,Eric,Lee,gregoryortiz@example.com,True
cus_kevwwfckcqxfahwpruvbcu,Sally,Saunders,dgriffin@example.net,True
cus_ngjsguptloqphyogmdumnn,Christopher,Lee,kgraham@example.com,True
cus_tzaosrfkgphmibccvyotfq,Monica,Mitchell,enorris@example.net,True
cus_htdjitbpaujgtcrrdzbzio,Taylor,Taylor,chelsearussell@example.com,True
cus_arurwfukswmwyfomebltnw,Frank,Morales,emma01@example.com,True
cus_zxcmbtxnnnmljfqsrwldsx,Christine,Becker,curtisbruce@example.com,True
cus_nsaqtkqjedecpabkjiosmq,Kimberly,Fields,kgreene@example.com,True
cus_lbryuriiuvhyowgeclnebn,Nina,Smith,kari38@example.com,True
cus_voknzyksclykamculhyasz,Bernard,Parker,woodswilliam@example.org,True
cus_ozmmejpkzvzdoagqneaixr,Janice,Baker,brandon58@example.com,True
cus_basyvgeczxchziktpddidx,Marvin,Perkins,fdickerson@example.com,True
cus_powoinzhpcwimhmpsydfja,Brandon,Williams,thomasgrant@example.org,True
cus_pbguerztfstkrqzqaqbwlc,Alejandro,Sims,xlopez@example.com,False
cus_omghiaqdwujddxbjfuljmc,Adam,Robinson,shirleystewart@example.net,True
cus_atboktmgnytmqxuosinizh,Chase,Novak,lauren44@example.net,True
cus_slmthckzetdagpnbjrrbla,Travis,Hill,troybender@example.org,True
cus_oqtzdmfdxmeddvkrrdhnas,William,Romero,avilashawn@example.com,True
cus_hqvjmoezowtcrcmuwxwcun,William,Dyer,emilyherman@example.org,True
cus_qifxhjrjolgwowrotderqk,Catherine,Garcia,sbarker@example.org,True
cus_ambuozrdxbgovogwkgtlxm,Brian,Carney,christinalang@example.com,True
cus_afkztseujqgqzhvfqhlpfg,Greg,Thomas,georgechristina@example.org,True
cus_oqsjakbqgavqkphlwmibra,Paul,Stone,veronica11@example.net,True
cus_zdibkfbffmmxnpwyuveoao,Kyle,Barker,qfletcher@example.net,True
cus_hwwwisylegwqeuqsfigvxt,Mary,Clark,elizabethpollard@example.net,True
cus_moplqbotvgreskvlbcqejf,Amber,Wells,laurie51@example.org,True
cus_klxmpxldfqwyzuplxulysp,Joshua,Jackson,jillian58@example.net,True
cus_qktrvjkxnqocedqxkosncb,Heidi,Campbell,danielfoster@example.org,True
cus_zjshwluayjkyrqfbetrgpk,David,Silva,litodd@example.net,True
cus_sxqayrimfwsvjoolpjoeps,Erin,Martinez,kylehampton@example.org,True
cus_ozrizzbihfbmyzgckuxoka,Tiffany,Decker,ross78@example.net,True
cus_vxxzjetomtemognuiyhnis,Scott,Gutierrez,nathanielgarcia@example.org,True
cus_sqbqsnvgpaxkigoclwsrpe,Erica,Ramirez,holtryan@example.com,True
cus_qoljonikxdhkclzcbgdkbn,Dawn,Melton,jrodriguez@example.com,True
cus_jvqzzsugvpuvfnoevtcprf,Elizabeth,Johnson,robert38@example.org,True
cus_pzkngrzlznmvanaiauvtlc,Samantha,Kemp,marvinthomas@example.org,True
cus_fwnykocxbljvdmbtiphwjs,Matthew,Lopez,burnettdouglas@example.com,True
cus_zzwwezmqnfnjfhrlxohsyl,Kaylee,Marshall,marcus67@example.net,True
cus_fiudqlfnawskdcznvpakeb,Samantha,Williams,hchavez@example.org,True
cus_uvzrqkbvbqzpnpkvgfitjg,Dillon,Hunter,montoyarobert@example.com,True
cus_hsjqazaljsmnccwcbkytio,Sabrina,Edwards,seandavis@example.net,True
cus_hnxklmbfkjzqnucmtxhjci,Melissa,Wolfe,victoriacox@example.com,True
cus_aggwppbzaecraosxlojjjr,Terrance,Robertson,andrew76@example.com,True
cus_xewbdttjrjplhwknkkwxad,Michael,Howard,vanessa73@example.net,True
cus_iddpnineqnlbyehfewmfmm,Samantha,Mosley,qkelly@example.com,True
cus_loxqwjczkuiqucsszrqexd,Danielle,Mason,dbooth@example.net,True
cus_dxxnmrfjydzobufkebpwdt,Laura,Herrera,andrewvazquez@example.com,True
cus_iptyjevmfexywkgbuzseep,Michaela,Gonzalez,jessicakeller@example.net,False
cus_ugiwuvgujzqraodgnhojqm,Shelley,Franklin,kevin86@example.net,True
cus_syfsnhehrfitpaxdmilyrs,Paul,Cunningham,danielsmith@example.com,True
cus_rnrevcczvxxahbnnesvztz,Nathan,Clay,tgibbs@example.net,True
cus_oltiggsbwhlkmcrvwrdgsd,Stephen,Petersen,jessicahancock@example.org,True
cus_uyijtvfpsgmnacavwijewl,Steven,Morales,howardtodd@example.com,True
cus_ufrlbcnowlxwtltxbemtys,Tiffany,Mason,bryantmaria@example.net,True
cus_ijuxkqesgatddpnjnncjmi,William,Jones,mark34@example.com,True
cus_xdnqqxsudmizoysgxieequ,Christian,Horn,louis04@example.net,True
cus_hnnobwywjsydqtzdyakfqy,Kelly,Berger,ann19@example.net,True
cus_kttvwanqoqypsnjgtfygyf,Anthony,Vargas,mcdowelljeffery@example.com,True
cus_jnjvclkijylvkidpycwzvp,Phillip,Fitzgerald,christopher61@example.org,True
cus_ioohipxhkhoesnvpslltib,John,Garcia,danielle36@example.com,False
cus_tyrqtnhbrpvjkejnvixuco,Christian,Lee,fschultz@example.org,True
cus_yfnhdyrjzvgmkfatikhtbu,David,Taylor,cookeerin@example.com,False
cus_rjslaoifwluazgrggnfwid,Deborah,Ashley,isanchez@example.net,True
cus_iextovubderzgbkikwmdif,Alan,Robles,jenkinsjody@example.org,True
cus_hzbszbnmimkwfpxgqpzqta,Ethan,Lin,toddburgess@example.com,True
cus_nnbnjrlfgqgbzfwplpocwt,Leah,Allen,william81@example.com,True
cus_bniwzrhfwroirnjcwrctfr,Shawn,Williams,paulamiller@example.org,True
cus_frhrlkdeiucopbvqjclfum,Kayla,Williams,ojohnston@example.org,True
cus_jarqqilrkfbzswemumevck,Hunter,Miller,evan48@example.org,True
cus_iaulwcgdgwqtdupcincdhp,Amanda,Yang,michelle59@example.net,True
cus_mzgarvlyhspgygxrvydmsz,Matthew,Wagner,vcook@example.net,True
cus_qnwabjroclczmxtnkwtper,Claire,Tyler,ifields@example.com,True
cus_smwvujppaitcbaelqfenss,Robert,Miller,ericpatterson@example.org,True
cus_aupixpsksgzfbyvrwwswfp,Charles,Miller,vanessa31@example.com,True
cus_utehkwlvgsgrnbfvsbzuqd,Colleen,Miller,obrienmark@example.org,True
cus_zbavxuikbravvmbhrascur,Victoria,Collins,ballardkeith@example.com,True
cus_biozzbsgykrnatdlhacagb,Angela,Tucker,stephanieconner@example.org,True
cus_zjlwjwisaokgrrxzmicqnf,Jessica,Collins,xgreer@example.net,True
cus_zhnrdgizehvmgfguzcjhhl,Mariah,Flores,michael95@example.net,False
cus_dobikgydhbwsdedfpaqgrb,John,Archer,shannonsantiago@example.net,True
cus_ivxdzsigmdyxycnpxepcqk,Michael,Jones,bullockmorgan@example.org,True
cus_fembxqmtehpzaungevepwi,Chad,Mills,annagonzalez@example.org,True
cus_supbzucxpthopcubaxtbbr,Ariana,Wiggins,dianegonzalez@example.org,True
cus_ibmxlvpyiwimsbqyctljvg,Samantha,Roberts,josephchapman@example.com,True
